品类,二级品类,版型(细分品类),代际,品牌,货号,销量,状态,本代升级情况,细分品类后续升级思路,竞品参考链接,数据来源,数据来源sheet
护腕,双向护腕,双向扭伤护腕,一代,TMT,HW35,8615-902=7713+4055=11768,已量产,,①虎口处加厚，减少勒手的压力。 / ②工艺从纯缝线改为热压＋缝线。更精致（参考李宁、蜗牛）,,护腕货盘.xlsx,2026年4月
护腕,双向护腕,双向扭伤护腕,一代,SERUNA,HW35,,未知,,①虎口处加厚，减少勒手的压力。 / ②工艺从纯缝线改为热压＋缝线。更精致（参考李宁、蜗牛）,,护腕货盘.xlsx,2026年4月
护腕,双向护腕,双向扭伤护腕,一代,JAFFICK,HW93,172-25=147,已量产,,①虎口处加厚，减少勒手的压力。 / ②工艺从纯缝线改为热压＋缝线。更精致（参考李宁、蜗牛）,,护腕货盘.xlsx,2026年4月
护腕,双向护腕,双向扭伤护腕,二代,TMT,C-HW109,499-100=399,已量产,2026.01上架,①虎口处加厚，减少勒手的压力。 / ②工艺从纯缝线改为热压＋缝线。更精致（参考李宁、蜗牛）,https://detail.tmall.com/item.htm?abbucket=6&id=785482207904&mi_id=0000OkTfX96sqSQA4gIGMGvtjHRvNeI6WEbAR4nnhYPwi6A&ns=1&priceTId=2150477a17636313787343402e195a&skuId=5535210443394&spm=a21n57.sem.item.58.7abc3903FTNLhH&utparam=%7B%22aplus_abtest%22%3A%22a470d246a1f038964f9af9c064cd6a25%22%7D&xxc=taobaoSearch | https://detail.tmall.com/item.htm?abbucket=6&id=937693751344&mi_id=00009CUWScyRfubDbfisiD9zw94_RWdDuZcovQ74hGSaifU&ns=1&priceTId=2150498a17636316182582795e1924&skuId=6054284147680&spm=a21n57.sem.item.192.7abc3903FTNLhH&utparam=%7B%22aplus_abtest%22%3A%22c20d35a4333f0894a01b26f603b2520a%22%7D&xxc=taobaoSearch,护腕货盘.xlsx,2026年4月
护腕,双向护腕,双向扭伤护腕,二代,SERUNA,HW51,3258-398=2860+276=3136,已量产,透气版本升级中,①虎口处加厚，减少勒手的压力。 / ②工艺从纯缝线改为热压＋缝线。更精致（参考李宁、蜗牛）,https://detail.tmall.com/item.htm?abbucket=6&id=785482207904&mi_id=0000OkTfX96sqSQA4gIGMGvtjHRvNeI6WEbAR4nnhYPwi6A&ns=1&priceTId=2150477a17636313787343402e195a&skuId=5535210443394&spm=a21n57.sem.item.58.7abc3903FTNLhH&utparam=%7B%22aplus_abtest%22%3A%22a470d246a1f038964f9af9c064cd6a25%22%7D&xxc=taobaoSearch | https://detail.tmall.com/item.htm?abbucket=6&id=937693751344&mi_id=00009CUWScyRfubDbfisiD9zw94_RWdDuZcovQ74hGSaifU&ns=1&priceTId=2150498a17636316182582795e1924&skuId=6054284147680&spm=a21n57.sem.item.192.7abc3903FTNLhH&utparam=%7B%22aplus_abtest%22%3A%22c20d35a4333f0894a01b26f603b2520a%22%7D&xxc=taobaoSearch,护腕货盘.xlsx,2026年4月
护腕,双向护腕,双向扭伤护腕,二代,JAFFICK,,,未知,已有JAFFICK二代视觉在升级 （打样中）,①虎口处加厚，减少勒手的压力。 / ②工艺从纯缝线改为热压＋缝线。更精致（参考李宁、蜗牛）,https://detail.tmall.com/item.htm?abbucket=6&id=785482207904&mi_id=0000OkTfX96sqSQA4gIGMGvtjHRvNeI6WEbAR4nnhYPwi6A&ns=1&priceTId=2150477a17636313787343402e195a&skuId=5535210443394&spm=a21n57.sem.item.58.7abc3903FTNLhH&utparam=%7B%22aplus_abtest%22%3A%22a470d246a1f038964f9af9c064cd6a25%22%7D&xxc=taobaoSearch | https://detail.tmall.com/item.htm?abbucket=6&id=937693751344&mi_id=00009CUWScyRfubDbfisiD9zw94_RWdDuZcovQ74hGSaifU&ns=1&priceTId=2150498a17636316182582795e1924&skuId=6054284147680&spm=a21n57.sem.item.192.7abc3903FTNLhH&utparam=%7B%22aplus_abtest%22%3A%22c20d35a4333f0894a01b26f603b2520a%22%7D&xxc=taobaoSearch,护腕货盘.xlsx,2026年4月
护腕,双向护腕,双向扭伤护腕,二代,ANTA,9825372524R,3-1=2,已量产,等待SERUNA打样成功后可补齐,①虎口处加厚，减少勒手的压力。 / ②工艺从纯缝线改为热压＋缝线。更精致（参考李宁、蜗牛）,https://detail.tmall.com/item.htm?abbucket=6&id=785482207904&mi_id=0000OkTfX96sqSQA4gIGMGvtjHRvNeI6WEbAR4nnhYPwi6A&ns=1&priceTId=2150477a17636313787343402e195a&skuId=5535210443394&spm=a21n57.sem.item.58.7abc3903FTNLhH&utparam=%7B%22aplus_abtest%22%3A%22a470d246a1f038964f9af9c064cd6a25%22%7D&xxc=taobaoSearch | https://detail.tmall.com/item.htm?abbucket=6&id=937693751344&mi_id=00009CUWScyRfubDbfisiD9zw94_RWdDuZcovQ74hGSaifU&ns=1&priceTId=2150498a17636316182582795e1924&skuId=6054284147680&spm=a21n57.sem.item.192.7abc3903FTNLhH&utparam=%7B%22aplus_abtest%22%3A%22c20d35a4333f0894a01b26f603b2520a%22%7D&xxc=taobaoSearch,护腕货盘.xlsx,2026年4月
护腕,双向护腕,双向扭伤护腕,三代,JAFFICK,C-HW123,263-11=252,已量产,2026.4上架,①虎口处加厚，减少勒手的压力。 / ②工艺从纯缝线改为热压＋缝线。更精致（参考李宁、蜗牛）,https://detail.tmall.com/item.htm?abbucket=6&id=785482207904&mi_id=0000OkTfX96sqSQA4gIGMGvtjHRvNeI6WEbAR4nnhYPwi6A&ns=1&priceTId=2150477a17636313787343402e195a&skuId=5535210443394&spm=a21n57.sem.item.58.7abc3903FTNLhH&utparam=%7B%22aplus_abtest%22%3A%22a470d246a1f038964f9af9c064cd6a25%22%7D&xxc=taobaoSearch | https://detail.tmall.com/item.htm?abbucket=6&id=937693751344&mi_id=00009CUWScyRfubDbfisiD9zw94_RWdDuZcovQ74hGSaifU&ns=1&priceTId=2150498a17636316182582795e1924&skuId=6054284147680&spm=a21n57.sem.item.192.7abc3903FTNLhH&utparam=%7B%22aplus_abtest%22%3A%22c20d35a4333f0894a01b26f603b2520a%22%7D&xxc=taobaoSearch,护腕货盘.xlsx,2026年4月
护腕,双向护腕,双向透气护腕,一代,TMT,HW89,249-25=224,已量产,2025.10上架,,,护腕货盘.xlsx,2026年4月
护腕,双向护腕,双向透气护腕,一代,SERUNA,,,未知,丁厂打样中，无问题后SERUNA可跟进,,,护腕货盘.xlsx,2026年4月
护腕,双向护腕,双向透气护腕,一代,JAFFICK,,,未知,可在博凯直接复制TMT,,,护腕货盘.xlsx,2026年4月
护腕,双向护腕,双向透气护腕,一代,ANTA,,,未知,等待SERUNA打样成功后可补齐,,,护腕货盘.xlsx,2026年4月
护腕,双向护腕,双向透气护腕,二代,SERUNA,C-HW115,1723-160=1563,已量产,2026.2上架,,,护腕货盘.xlsx,2026年4月
护腕,双向护腕,羽毛球双向护腕,一代,TMT,HW65,17-3=14+1=15,已量产,2025.07上架 / 清仓中,,,护腕货盘.xlsx,2026年4月
护腕,双向护腕,腱鞘炎双向护腕,一代,TMT,HW87,57-7=50,已量产,2025.12上架,,,护腕货盘.xlsx,2026年4月
护腕,单向护腕,单向扭伤护腕,一代,TMT,HW27,35-10=25,已量产,,工艺从纯缝线改为热压＋缝线。更精致（参考李宁、蜗牛）,,护腕货盘.xlsx,2026年4月
护腕,单向护腕,单向扭伤护腕,一代,SERUNA,HW27,,未知,,工艺从纯缝线改为热压＋缝线。更精致（参考李宁、蜗牛）,,护腕货盘.xlsx,2026年4月
护腕,单向护腕,单向扭伤护腕,一代,ANTA,9825172527,183-17=166,已量产,,工艺从纯缝线改为热压＋缝线。更精致（参考李宁、蜗牛）,,护腕货盘.xlsx,2026年4月
护腕,单向护腕,单向扭伤护腕,二代,SERUNA,HW45,0,已量产,,工艺从纯缝线改为热压＋缝线。更精致（参考李宁、蜗牛）,https://detail.tmall.com/item.htm?abbucket=6&id=785482207904&mi_id=0000OkTfX96sqSQA4gIGMGvtjHRvNeI6WEbAR4nnhYPwi6A&ns=1&priceTId=2150477a17636313787343402e195a&skuId=5535210443394&spm=a21n57.sem.item.58.7abc3903FTNLhH&utparam=%7B%22aplus_abtest%22%3A%22a470d246a1f038964f9af9c064cd6a25%22%7D&xxc=taobaoSearch | https://detail.tmall.com/item.htm?abbucket=6&id=937693751344&mi_id=00009CUWScyRfubDbfisiD9zw94_RWdDuZcovQ74hGSaifU&ns=1&priceTId=2150498a17636316182582795e1924&skuId=6054284147680&spm=a21n57.sem.item.192.7abc3903FTNLhH&utparam=%7B%22aplus_abtest%22%3A%22c20d35a4333f0894a01b26f603b2520a%22%7D&xxc=taobaoSearch,护腕货盘.xlsx,2026年4月
护腕,单向护腕,单向网孔护腕,未标注,ANTA,9825172529,65-6=59,已量产,,目前为大网孔面料，等待面料实验完成后可改为小网孔材料边缘更精致,,护腕货盘.xlsx,2026年4月
护腕,单向护腕,单向双层护腕,未标注,TMT,HW37,163-50=113,已量产,,,,护腕货盘.xlsx,2026年4月
护腕,单向护腕,单向双层护腕,未标注,JAFFICK,,,未知,已有JAFFICK二代视觉在升级 （打样中）,,,护腕货盘.xlsx,2026年4月
护腕,单向护腕,单向双层护腕,未标注,ANTA,9825172528,137-7=130,已量产,,,,护腕货盘.xlsx,2026年4月
护腕,TFCC,轻薄TFCC,一代,TMT,HW25,159-28=131,已量产,,①换透气网眼面料 / ②升级缝线工艺 / ③增加暖敷帖,,护腕货盘.xlsx,2026年4月
护腕,TFCC,轻薄TFCC,一代,SERUNA,HW25,,未知,,①换透气网眼面料 / ②升级缝线工艺 / ③增加暖敷帖,,护腕货盘.xlsx,2026年4月
护腕,TFCC,轻薄TFCC,二代,TMT,C-HW49-K,16-6=10,已量产,2026.02上架,①换透气网眼面料 / ②升级缝线工艺 / ③增加暖敷帖,,护腕货盘.xlsx,2026年4月
护腕,TFCC,轻薄TFCC,二代,SERUNA,HW49,1088-189=899,已量产,,①换透气网眼面料 / ②升级缝线工艺 / ③增加暖敷帖,,护腕货盘.xlsx,2026年4月
护腕,TFCC,轻薄TFCC,二代,JAFFICK,HW83,9-4=5,已量产,2025.10上架,①换透气网眼面料 / ②升级缝线工艺 / ③增加暖敷帖,,护腕货盘.xlsx,2026年4月
护腕,TFCC,轻薄TFCC,三代,SERUNA,HW121,13,已量产,2026.4上架,①换透气网眼面料 / ②升级缝线工艺 / ③增加暖敷帖,,护腕货盘.xlsx,2026年4月
护腕,TFCC,轻薄拇指腱鞘炎,一代,SERUNA,HW81,1593-255=1338,已量产,2025.10上架,,,护腕货盘.xlsx,2026年4月
护腕,TFCC,轻薄拇指腱鞘炎,一代,JAFFICK,C-HW119,363-93=270,已量产,2026.4上架,,,护腕货盘.xlsx,2026年4月
护腕,TFCC,轻薄拇指腱鞘炎,二代,SERUNA,C-HW125,157-13=144,已量产,2026.4上架,,,护腕货盘.xlsx,2026年4月
护腕,TFCC,拇指腱鞘炎,一代,SERUNA,HW19,11-2=9,已量产,,,,护腕货盘.xlsx,2026年4月
护腕,TFCC,TFCC护腕,一代,TMT,HW23,1390-172=1218+288=1506,已量产,,参考tmt针织TFCC护腕增加防滑扣,,护腕货盘.xlsx,2026年4月
护腕,TFCC,TFCC护腕,一代,SERUNA,HW23,,未知,,参考tmt针织TFCC护腕增加防滑扣,,护腕货盘.xlsx,2026年4月
护腕,TFCC,TFCC护腕,一代,JAFFICK,HW23,,未知,,参考tmt针织TFCC护腕增加防滑扣,,护腕货盘.xlsx,2026年4月
护腕,TFCC,压胶TFCC护腕,一代,TMT,HW53-T,372-142=230,已量产,2025.11上架,,,护腕货盘.xlsx,2026年4月
护腕,TFCC,压胶TFCC护腕,一代,SERUNA,HW53,2190-346=1844+1768=3612,已量产,新面料＋透气网眼升级完成,,,护腕货盘.xlsx,2026年4月
护腕,TFCC,压胶TFCC护腕,一代,JAFFICK,C-HW107,三月：64-6=58,已量产,2026.02上架,,,护腕货盘.xlsx,2026年4月
护腕,TFCC,胶牌TFCC护腕,一代,TMT,HW91,1034-261=773,已量产,2025.11上架,,,护腕货盘.xlsx,2026年4月
护腕,TFCC,双条TFCC护腕,一代,TMT,HW117,313-104=209,已量产,2026.01上架,,,护腕货盘.xlsx,2026年4月
护腕,针织护腕,针织运动护腕,一代,TMT,B10,15-1=14,已量产,清仓中,,,护腕货盘.xlsx,2026年4月
护腕,针织护腕,针织运动护腕,一代,SERUNA,HW73,0,已量产,,,,护腕货盘.xlsx,2026年4月
护腕,针织护腕,针织保暖护腕1,一代,TMT,B29,13,已量产,清仓中,,,护腕货盘.xlsx,2026年4月
护腕,针织护腕,针织保暖护腕2,一代,TMT,HW13\B74\BS39,,未知,清仓中,,,护腕货盘.xlsx,2026年4月
护腕,针织护腕,针织保暖护腕3,一代,TMT,HW11,3,已量产,清仓中,,,护腕货盘.xlsx,2026年4月
护腕,针织护腕,针织TFCC,一代,TMT,HW103,58-165=42,已量产,2025.12上架,后续考虑跟换套筒面料升级为夏季款参考特步,https://detail.tmall.com/item.htm?ali_refid=a3_420434_1006%3A1745744328%3AH%3AoikB22y1qn5XHb%2BurvZZv0f5NqrT%2FDvG%3Af5ab5b659252c1901db1768ff138a172&ali_trackid=282_f5ab5b659252c1901db1768ff138a172&id=917530403467&mi_id=0000ZFWZx6CTRUbTDRYiQzmY46FVuufjI3Al4TCv16WCM4U&mm_sceneid=1_0_6615118770_0&priceTId=214786e017637063401916152e1a53&skuId=5862738729737&spm=a21n57.1.hoverItem.24&utparam=%7B%22aplus_abtest%22%3A%222e69eafd82fdd241b629ae37ff080c67%22%7D&xxc=ad_ztc,护腕货盘.xlsx,2026年4月
护腕,针织护腕,针织TFCC,一代,SERUNA,C-HW127,157-13=144,已量产,已有SERUNA升级中,后续考虑跟换套筒面料升级为夏季款参考特步,https://detail.tmall.com/item.htm?ali_refid=a3_420434_1006%3A1745744328%3AH%3AoikB22y1qn5XHb%2BurvZZv0f5NqrT%2FDvG%3Af5ab5b659252c1901db1768ff138a172&ali_trackid=282_f5ab5b659252c1901db1768ff138a172&id=917530403467&mi_id=0000ZFWZx6CTRUbTDRYiQzmY46FVuufjI3Al4TCv16WCM4U&mm_sceneid=1_0_6615118770_0&priceTId=214786e017637063401916152e1a53&skuId=5862738729737&spm=a21n57.1.hoverItem.24&utparam=%7B%22aplus_abtest%22%3A%222e69eafd82fdd241b629ae37ff080c67%22%7D&xxc=ad_ztc,护腕货盘.xlsx,2026年4月
护腕,针织护腕,针织TFCC,一代,JAFFICK,HW97,446-58=338,已量产,2025.10上架,后续考虑跟换套筒面料升级为夏季款参考特步,https://detail.tmall.com/item.htm?ali_refid=a3_420434_1006%3A1745744328%3AH%3AoikB22y1qn5XHb%2BurvZZv0f5NqrT%2FDvG%3Af5ab5b659252c1901db1768ff138a172&ali_trackid=282_f5ab5b659252c1901db1768ff138a172&id=917530403467&mi_id=0000ZFWZx6CTRUbTDRYiQzmY46FVuufjI3Al4TCv16WCM4U&mm_sceneid=1_0_6615118770_0&priceTId=214786e017637063401916152e1a53&skuId=5862738729737&spm=a21n57.1.hoverItem.24&utparam=%7B%22aplus_abtest%22%3A%222e69eafd82fdd241b629ae37ff080c67%22%7D&xxc=ad_ztc,护腕货盘.xlsx,2026年4月
护腕,针织护腕,针织扭伤护腕,未标注,TMT,HW55-T,171-33=138,已量产,,,,护腕货盘.xlsx,2026年4月
护腕,针织护腕,针织扭伤护腕,未标注,SERUNA,HW55,1674-196=1484+547=2031,已量产,,,,护腕货盘.xlsx,2026年4月
护腕,针织护腕,针织扭伤护腕2,一代,TMT,HW17,942-245=697,已量产,,,,护腕货盘.xlsx,2026年4月
护腕,针织护腕,针织扭伤护腕2,二代,TMT,C-HW105,257-28=229,已量产,2025.12上架,,,护腕货盘.xlsx,2026年4月
护腕,针织护腕,毛巾护腕,一代,TMT,MJ11,39-6=33+5=38,已量产,,,,护腕货盘.xlsx,2026年4月
护腕,针织护腕,毛巾护腕,一代,SERUNA,MJ11,,未知,,,,护腕货盘.xlsx,2026年4月
护腕,针织护腕,毛巾护腕,二代,SERUNA,MJ13,2,已量产,2026.4上架,,,护腕货盘.xlsx,2026年4月
护腕,针织护腕,冰感护腕,一代,TMT,HW01,0,已量产,清仓中,,,护腕货盘.xlsx,2026年4月
护腕,针织护腕,短款擦汗护腕,一代,TMT,HW06,0,已量产,清仓中,,,护腕货盘.xlsx,2026年4月
护腕,弹力网带,腱鞘炎腕带,一代,TMT,HH07,7270-916=6354,已量产,,,,护腕货盘.xlsx,2026年4月
护腕,弹力网带,腱鞘炎腕带,一代,SERUNA,HH07,,未知,,,,护腕货盘.xlsx,2026年4月
护腕,弹力网带,腱鞘炎腕带,一代,ANTA,9826172526,5469-383=5086,已量产,,,,护腕货盘.xlsx,2026年4月
护腕,弹力网带,腱鞘炎腕带,二代,TMT,HW77,0,已量产,2025.10上架,,,护腕货盘.xlsx,2026年4月
护腕,弹力网带,腱鞘炎腕带,二代,SERUNA,HW47,3225-323=2902+237=3139,已量产,,,,护腕货盘.xlsx,2026年4月
护腕,弹力网带,腱鞘炎腕带,二代,JAFFICK,HW85,21-4=17,已量产,2025.10上架,,,护腕货盘.xlsx,2026年4月
护腕,弹力网带,腱鞘炎腕带,二代,ANTA,9825372525R,94-5=89,已量产,,,,护腕货盘.xlsx,2026年4月
护腕,弹力网带,运动腕带,一代,TMT,B18,37-3=34,已量产,,,,护腕货盘.xlsx,2026年4月
护腕,骨折护腕,SBR骨折护腕,一代,TMT,HW09,1568-346=1222+99=1321,已量产,TMT二代,,,护腕货盘.xlsx,2026年4月
护腕,骨折护腕,SBR骨折护腕,一代,SERUNA,HW09,,未知,,,,护腕货盘.xlsx,2026年4月
护腕,骨折护腕,SBR骨折护腕,一代,JAFFICK,HW09,,未知,,,,护腕货盘.xlsx,2026年4月
护腕,骨折护腕,SBR骨折护腕,二代半,TMT,HW50,0,已量产,清仓中,,,护腕货盘.xlsx,2026年4月
护腕,骨折护腕,SBR骨折护腕,三代,TMT,HW21,947-220=727+19=746,已量产,TMT四代,,,护腕货盘.xlsx,2026年4月
护腕,骨折护腕,SBR骨折护腕,三代,SERUNA,HW21,,未知,S4,,,护腕货盘.xlsx,2026年4月
护腕,骨折护腕,SBR骨折护腕,三代,JAFFICK,HW21,,未知,,,,护腕货盘.xlsx,2026年4月
护腕,骨折护腕,SBR骨折护腕,四代,TMT,HW33,0,已量产,TMT加长版 / 清仓中,,,护腕货盘.xlsx,2026年4月
护腕,骨折护腕,短款骨折护腕,一代,TMT,HW39,2243-476=1767+36=1803,已量产,TMT六代,,,护腕货盘.xlsx,2026年4月
护腕,骨折护腕,短款骨折护腕,一代,SERUNA,HW39,,未知,,,,护腕货盘.xlsx,2026年4月
护腕,骨折护腕,短款骨折护腕,一代,JAFFICK,HW39,,未知,,,,护腕货盘.xlsx,2026年4月
护腕,骨折护腕,短款骨折护腕,二代,TMT,HW63-K,1339-273=1066,已量产,2026.02上架,,,护腕货盘.xlsx,2026年4月
护腕,骨折护腕,短款骨折护腕,二代,SERUNA,HW63,773-181=592+1395=1987,已量产,S7,,,护腕货盘.xlsx,2026年4月
护腕,骨折护腕,双绑带骨折护腕,一代,TMT,HW67,6-1=5,已量产,清仓中,等待外露支撑板开模后可升级,,护腕货盘.xlsx,2026年4月
护腕,骨折护腕,双绑带骨折护腕,一代,SERUNA,HW59,4-1=3,已量产,S6,等待外露支撑板开模后可升级,,护腕货盘.xlsx,2026年4月
护腕,骨折护腕,三绑带骨折护腕,一代,TMT,HW99-T/C-HW113,HW99-T：387-152=235 / C-HW113：251-74=177,已量产,HW99-T清仓中,等待外露支撑板开模后可升级,,护腕货盘.xlsx,2026年4月
护腕,骨折护腕,三绑带骨折护腕,一代,SERUNA,HW99,317-77=240,已量产,S8,等待外露支撑板开模后可升级,,护腕货盘.xlsx,2026年4月
护腕,骨折护腕,三绑带骨折护腕,一代,JAFFICK,HW95,64-24=40,已量产,2025.10上架,等待外露支撑板开模后可升级,,护腕货盘.xlsx,2026年4月
护腕,骨折护腕,旋钮护腕,一代,TMT,HW41,0,已量产,清仓中,等待JAFFICK上架，无问题后可跟进,,护腕货盘.xlsx,2026年4月
护腕,骨折护腕,旋钮护腕,二代,JAFFICK,HW101,381-109=272,已量产,2025.12上架,等待JAFFICK上架，无问题后可跟进,,护腕货盘.xlsx,2026年4月
护腕,健身护腕,单绑带健身护腕,一代,TMT,HW15,2865-186=2679,已量产,,,,护腕货盘.xlsx,2026年4月
护腕,健身护腕,单绑带健身护腕,一代,ANTA,1825272523,0,已量产,,,,护腕货盘.xlsx,2026年4月
护腕,健身护腕,单绑带健身护腕,二代,TMT,B51,0,已量产,清仓中,,,护腕货盘.xlsx,2026年4月
护腕,健身护腕,双绑带健身护腕,一代,TMT,B66,0,已量产,清仓中,,,护腕货盘.xlsx,2026年4月
护腕,健身护腕,双绑带健身护腕,一代,ANTA,9826172581,-1,已量产,,,,护腕货盘.xlsx,2026年4月
护腕,健身护腕,SBR健身护腕,一代,TMT,BF29,589-77=512,已量产,,,,护腕货盘.xlsx,2026年4月
护腕,健身护腕,SBR健身护腕,二代,TMT,HW75,2,已量产,2025.09上架,,,护腕货盘.xlsx,2026年4月
护腕,助力,全包助力钩,一代,TMT,ZL03,2839-808=2031,已量产,,,,护腕货盘.xlsx,2026年4月
护腕,助力,半包助力钩,二代,TMT,ZL07,0,已量产,,,,护腕货盘.xlsx,2026年4月
护腕,助力,助力带,一代,TMT,B59,886-92=794,已量产,,,,护腕货盘.xlsx,2026年4月
护腕,助力,助力带,三代,TMT,ZL07,0,已量产,,,,护腕货盘.xlsx,2026年4月
护腕,早期清仓未配图护腕,助力带,三代,TMT,B73,0,已量产,,,,护腕货盘.xlsx,2026年4月
护膝,复合面料护膝,前绑,一代,TMT,C-HX97,342,已量产,,,,护膝货盘.xlsx,2026年4月
护膝,复合面料护膝,前绑,一代,SERUNA,HX61,6922,已量产,,,,护膝货盘.xlsx,2026年4月
护膝,复合面料护膝,前绑,一代,JAFFICK,C-HX93,115,已量产,,,,护膝货盘.xlsx,2026年4月
护膝,复合面料护膝,前绑,二代,SERUNA,暂无货号,打样阶段,打样/概念,,,,护膝货盘.xlsx,2026年4月
护膝,复合面料护膝,双层前绑,一代,SERUNA,C-HX103,大货阶段,未知,2026.4.25,,,护膝货盘.xlsx,2026年4月
护膝,网孔织带护膝,交叉绑带,一代,TMT,HX18,3145,已量产,,,,护膝货盘.xlsx,2026年4月
护膝,网孔织带护膝,交叉双绑带,二代,TMT,HX21,144,已量产,,,,护膝货盘.xlsx,2026年4月
护膝,网孔织带护膝,交叉双绑带,二代,ANTA,1824572502,0,已量产,,,,护膝货盘.xlsx,2026年4月
护膝,网孔织带护膝,加强支撑 / （反绑结构）,一代,SERUNA,HX43,204,已量产,,,,护膝货盘.xlsx,2026年4月
护膝,健身护膝,缠绕式,一代,TMT,TB66,125,已量产,,,,护膝货盘.xlsx,2026年4月
护膝,健身护膝,套筒式,未标注,ANTA,9826172582,91,已量产,,,,护膝货盘.xlsx,2026年4月
护膝,保暖护膝,短款保暖,一代,SERUNA,HX77,7,已量产,,,,护膝货盘.xlsx,2026年4月
护膝,保暖护膝,短款保暖,二代,SERUNA,HX83,1,已量产,增加羊毛含量,,,护膝货盘.xlsx,2026年4月
护膝,保暖护膝,长款保暖,一代,SERUNA,HX77-C,6,已量产,,,,护膝货盘.xlsx,2026年4月
护膝,保暖护膝,开放结构,一代,SERUNA,HX87,90,已量产,,,,护膝货盘.xlsx,2026年4月
护膝,保暖护膝,羊毛保暖,一代,SERUNA,HX81,3,已量产,,,,护膝货盘.xlsx,2026年4月
护膝,保暖护膝,轻薄保暖,一代,TMT,TS27,0,已量产,,,,护膝货盘.xlsx,2026年4月
护膝,保暖护膝,轻薄保暖,一代,SERUNA,HX29-A,0,已量产,,,,护膝货盘.xlsx,2026年4月
护膝,保暖护膝,石墨烯轻薄保暖,一代,SERUNA,C-HX105,大货阶段,未知,,,,护膝货盘.xlsx,2026年4月
护膝,保暖护膝,蚕丝轻薄保暖,一代,SERUNA,暂无货号,打样阶段,打样/概念,,,,护膝货盘.xlsx,2026年4月
护膝,保暖护膝,网格保暖,一代,SERUNA,HX49,28,已量产,,,,护膝货盘.xlsx,2026年4月
护膝,保暖护膝,加绒保暖,一代,TMT,HX28,1,已量产,,,,护膝货盘.xlsx,2026年4月
护膝,保暖护膝,支撑保暖,一代,SERUNA,HX51,12,已量产,,,,护膝货盘.xlsx,2026年4月
护膝,髌 / 骨 / 带,SBR髌骨带,一代,TMT,T34,883,已量产,,,,护膝货盘.xlsx,2026年4月
护膝,髌 / 骨 / 带,SBR髌骨带,一代,SERUNA,BG01,34,已量产,,,,护膝货盘.xlsx,2026年4月
护膝,髌 / 骨 / 带,SBR髌骨带,一代,JAFFICK,C-BG09,大货阶段,未知,,,,护膝货盘.xlsx,2026年4月
护膝,髌 / 骨 / 带,透气SBR髌骨带,二代,TMT,FT37,55,已量产,,,,护膝货盘.xlsx,2026年4月
护膝,髌 / 骨 / 带,压胶髌骨带,一代,SERUNA,BG05,1353,已量产,,,,护膝货盘.xlsx,2026年4月
护膝,髌 / 骨 / 带,压胶髌骨带,一代,JAFFICK,C-BG11,大货中,未知,,,,护膝货盘.xlsx,2026年4月
护膝,髌 / 骨 / 带,针织髌骨带,一代,TMT,暂无,排单阶段,未知,2026.4.10,,,护膝货盘.xlsx,2026年4月
护膝,髌 / 骨 / 带,SBR双条,一代,TMT,FE36,2454,已量产,,,,护膝货盘.xlsx,2026年4月
护膝,髌 / 骨 / 带,SBR双条,一代,SERUNA,BG03,83,已量产,,,,护膝货盘.xlsx,2026年4月
护膝,髌 / 骨 / 带,SBR双条,一代,JAFFICK,C-BG07,大货阶段,未知,2026.4.30,,,护膝货盘.xlsx,2026年4月
护膝,髌 / 骨 / 带,SBR双条,一代,ANTA,9826172506,6263,已量产,,,,护膝货盘.xlsx,2026年4月
护膝,防撞护膝,儿童运动,一代,TMT,K75,21,已量产,,,,护膝货盘.xlsx,2026年4月
护膝,防撞护膝,儿童爬行护膝,一代,TMT,HX89,318,已量产,,,,护膝货盘.xlsx,2026年4月
护膝,防撞护膝,儿童爬行护膝,一代,SERUNA,HX71,11,已量产,,,,护膝货盘.xlsx,2026年4月
护膝,防撞护膝,针织防撞,一代,TMT,HX25,753,已量产,,,,护膝货盘.xlsx,2026年4月
护膝,防撞护膝,开放式SBR防撞,一代,TMT,T22,566,已量产,,,,护膝货盘.xlsx,2026年4月
护膝,SBR登山护膝,双绑带加压,一代,TMT,T67,302,已量产,,,,护膝货盘.xlsx,2026年4月
护膝,SBR登山护膝,双绑带加压,一代,ANTA,9825172509,126,已量产,,,,护膝货盘.xlsx,2026年4月
护膝,SBR登山护膝,三绑带加压 / （同侧）,一代,TMT,TF58,438,已量产,,,,护膝货盘.xlsx,2026年4月
护膝,SBR登山护膝,三绑带加压 / （同侧）,一代,ANTA,9825172504,9,已量产,,,,护膝货盘.xlsx,2026年4月
护膝,SBR登山护膝,三绑带加压 / （两侧）,二代,JAFFICK,C-HX101,48,已量产,,,,护膝货盘.xlsx,2026年4月
护膝,SBR登山护膝,四绑带加压 / （同侧）,一代,TMT,T28,359,已量产,,,,护膝货盘.xlsx,2026年4月
护膝,SBR登山护膝,四绑带加压 / （同侧）,一代,ANTA,9825172503,151,已量产,,,,护膝货盘.xlsx,2026年4月
护膝,SBR登山护膝,四绑带加压 / （同侧）,二代,TMT,HX63,586,已量产,,,,护膝货盘.xlsx,2026年4月
护膝,SBR登山护膝,后窝镂空,一代,TMT,T82,0,已量产,,,,护膝货盘.xlsx,2026年4月
护膝,针织运动护膝,无支撑,一代,ANTA,1824572550,51,已量产,,,,护膝货盘.xlsx,2026年4月
护膝,针织运动护膝,无支撑,二代,TMT,HX85,54,已量产,,,,护膝货盘.xlsx,2026年4月
护膝,针织运动护膝,无支撑儿童,一代,TMT,HX05,6,已量产,,,,护膝货盘.xlsx,2026年4月
护踝,轻薄 / 扭伤护踝,轻薄扭伤 / （绑带款）,一代,TMT,HH01,三月：2819-452=2367+206=2573,已量产,,①针对外露缝纫线： / 思路一：参考练己全压胶（已在JAFFICK初步尝试） / 思路二：参考LP四针六线上压胶条（已在JAFFICK初步尝试） / ②参考KEEP激光打孔点阵，视觉突出透气 / ③参考KEEP做左右两侧弧形提手,,护踝货盘(5).xlsx,2026.03
护踝,轻薄 / 扭伤护踝,轻薄扭伤 / （绑带款）,一代,SERUNA,HH01,,未知,,①针对外露缝纫线： / 思路一：参考练己全压胶（已在JAFFICK初步尝试） / 思路二：参考LP四针六线上压胶条（已在JAFFICK初步尝试） / ②参考KEEP激光打孔点阵，视觉突出透气 / ③参考KEEP做左右两侧弧形提手,,护踝货盘(5).xlsx,2026.03
护踝,轻薄 / 扭伤护踝,轻薄扭伤 / （绑带款）,一代,JAFFICK,HH01,,未知,,①针对外露缝纫线： / 思路一：参考练己全压胶（已在JAFFICK初步尝试） / 思路二：参考LP四针六线上压胶条（已在JAFFICK初步尝试） / ②参考KEEP激光打孔点阵，视觉突出透气 / ③参考KEEP做左右两侧弧形提手,,护踝货盘(5).xlsx,2026.03
护踝,轻薄 / 扭伤护踝,轻薄扭伤 / （绑带款）,一代,ANTA,9825172564,三月：3605-417=3188,已量产,,①针对外露缝纫线： / 思路一：参考练己全压胶（已在JAFFICK初步尝试） / 思路二：参考LP四针六线上压胶条（已在JAFFICK初步尝试） / ②参考KEEP激光打孔点阵，视觉突出透气 / ③参考KEEP做左右两侧弧形提手,,护踝货盘(5).xlsx,2026.03
护踝,轻薄 / 扭伤护踝,轻薄扭伤 / （绑带款）,二代,TMT,HH45,三月：508-192=316,已量产,2025.12上架,①针对外露缝纫线： / 思路一：参考练己全压胶（已在JAFFICK初步尝试） / 思路二：参考LP四针六线上压胶条（已在JAFFICK初步尝试） / ②参考KEEP激光打孔点阵，视觉突出透气 / ③参考KEEP做左右两侧弧形提手,https://detail.tmall.com/item.htm?id=816611195057&mi_id=0000f3hH-j-6a3yld8r8YrYHfrymQxdNmKAPvDmqhs1Ta7o&sku_properties=1627207%3A33361482491&spm=a21xtw.29178619.0.0 | https://detail.tmall.com/item.htm?abbucket=6&id=789385212652&mi_id=0000KeBFKB4jPVb-OKfZF4KRYndvnjXIWjgYATLgQJsjkow&ns=1&priceTId=213e097017633727772223281e16cb&skuId=5554940278895&spm=a21n57.1.hoverItem.3&utparam=%7B%22aplus_abtest%22%3A%22e65f788f9d3643174b02967978d2faf7%22%7D&xxc=taobaoSearch,护踝货盘(5).xlsx,2026.03
护踝,轻薄 / 扭伤护踝,轻薄扭伤 / （绑带款）,二代,SERUNA,HH15,三月：6708-1272=5436+940=6376,已量产,已有SERUNA涂装版在升级 （已上架）,①针对外露缝纫线： / 思路一：参考练己全压胶（已在JAFFICK初步尝试） / 思路二：参考LP四针六线上压胶条（已在JAFFICK初步尝试） / ②参考KEEP激光打孔点阵，视觉突出透气 / ③参考KEEP做左右两侧弧形提手,https://detail.tmall.com/item.htm?id=816611195057&mi_id=0000f3hH-j-6a3yld8r8YrYHfrymQxdNmKAPvDmqhs1Ta7o&sku_properties=1627207%3A33361482491&spm=a21xtw.29178619.0.0 | https://detail.tmall.com/item.htm?abbucket=6&id=789385212652&mi_id=0000KeBFKB4jPVb-OKfZF4KRYndvnjXIWjgYATLgQJsjkow&ns=1&priceTId=213e097017633727772223281e16cb&skuId=5554940278895&spm=a21n57.1.hoverItem.3&utparam=%7B%22aplus_abtest%22%3A%22e65f788f9d3643174b02967978d2faf7%22%7D&xxc=taobaoSearch,护踝货盘(5).xlsx,2026.03
护踝,轻薄 / 扭伤护踝,轻薄扭伤 / （绑带款）,二代,JAFFICK,HH35,三月：34-2=32,已量产,2025.10上架,①针对外露缝纫线： / 思路一：参考练己全压胶（已在JAFFICK初步尝试） / 思路二：参考LP四针六线上压胶条（已在JAFFICK初步尝试） / ②参考KEEP激光打孔点阵，视觉突出透气 / ③参考KEEP做左右两侧弧形提手,https://detail.tmall.com/item.htm?id=816611195057&mi_id=0000f3hH-j-6a3yld8r8YrYHfrymQxdNmKAPvDmqhs1Ta7o&sku_properties=1627207%3A33361482491&spm=a21xtw.29178619.0.0 | https://detail.tmall.com/item.htm?abbucket=6&id=789385212652&mi_id=0000KeBFKB4jPVb-OKfZF4KRYndvnjXIWjgYATLgQJsjkow&ns=1&priceTId=213e097017633727772223281e16cb&skuId=5554940278895&spm=a21n57.1.hoverItem.3&utparam=%7B%22aplus_abtest%22%3A%22e65f788f9d3643174b02967978d2faf7%22%7D&xxc=taobaoSearch,护踝货盘(5).xlsx,2026.03
护踝,轻薄 / 扭伤护踝,轻薄扭伤 / （绑带款）,二代,ANTA,9825372560R,三月：65-12=53,已量产,已有ANTA涂装版在升级 （已上架）,①针对外露缝纫线： / 思路一：参考练己全压胶（已在JAFFICK初步尝试） / 思路二：参考LP四针六线上压胶条（已在JAFFICK初步尝试） / ②参考KEEP激光打孔点阵，视觉突出透气 / ③参考KEEP做左右两侧弧形提手,https://detail.tmall.com/item.htm?id=816611195057&mi_id=0000f3hH-j-6a3yld8r8YrYHfrymQxdNmKAPvDmqhs1Ta7o&sku_properties=1627207%3A33361482491&spm=a21xtw.29178619.0.0 | https://detail.tmall.com/item.htm?abbucket=6&id=789385212652&mi_id=0000KeBFKB4jPVb-OKfZF4KRYndvnjXIWjgYATLgQJsjkow&ns=1&priceTId=213e097017633727772223281e16cb&skuId=5554940278895&spm=a21n57.1.hoverItem.3&utparam=%7B%22aplus_abtest%22%3A%22e65f788f9d3643174b02967978d2faf7%22%7D&xxc=taobaoSearch,护踝货盘(5).xlsx,2026.03
护踝,轻薄 / 扭伤护踝,轻薄扭伤 / （绑带款）,三代,JAFFICK,C-HH55,,未知,2025.04上架,①针对外露缝纫线： / 思路一：参考练己全压胶（已在JAFFICK初步尝试） / 思路二：参考LP四针六线上压胶条（已在JAFFICK初步尝试） / ②参考KEEP激光打孔点阵，视觉突出透气 / ③参考KEEP做左右两侧弧形提手,,护踝货盘(5).xlsx,2026.03
护踝,轻薄 / 扭伤护踝,轻薄扭伤 / （绑带透气款）,一代,TMT,HH47,三月：34-10=24,已量产,2026.03上架,①针对外露缝纫线： / 思路一：参考练己全压胶（已在JAFFICK初步尝试） / 思路二：参考LP四针六线上压胶条（已在JAFFICK初步尝试） / ②参考KEEP激光打孔点阵，视觉突出透气 / ③参考KEEP做左右两侧弧形提手,https://detail.tmall.com/item.htm?id=816611195057&mi_id=0000f3hH-j-6a3yld8r8YrYHfrymQxdNmKAPvDmqhs1Ta7o&sku_properties=1627207%3A33361482491&spm=a21xtw.29178619.0.0 | https://detail.tmall.com/item.htm?abbucket=6&id=789385212652&mi_id=0000KeBFKB4jPVb-OKfZF4KRYndvnjXIWjgYATLgQJsjkow&ns=1&priceTId=213e097017633727772223281e16cb&skuId=5554940278895&spm=a21n57.1.hoverItem.3&utparam=%7B%22aplus_abtest%22%3A%22e65f788f9d3643174b02967978d2faf7%22%7D&xxc=taobaoSearch,护踝货盘(5).xlsx,2026.03
护踝,轻薄 / 扭伤护踝,轻薄扭伤 / （绑带透气款）,一代,SERUNA,HH25,三月：2060-368=1692+817=2509,已量产,2025.07上架,①针对外露缝纫线： / 思路一：参考练己全压胶（已在JAFFICK初步尝试） / 思路二：参考LP四针六线上压胶条（已在JAFFICK初步尝试） / ②参考KEEP激光打孔点阵，视觉突出透气 / ③参考KEEP做左右两侧弧形提手,https://detail.tmall.com/item.htm?id=816611195057&mi_id=0000f3hH-j-6a3yld8r8YrYHfrymQxdNmKAPvDmqhs1Ta7o&sku_properties=1627207%3A33361482491&spm=a21xtw.29178619.0.0 | https://detail.tmall.com/item.htm?abbucket=6&id=789385212652&mi_id=0000KeBFKB4jPVb-OKfZF4KRYndvnjXIWjgYATLgQJsjkow&ns=1&priceTId=213e097017633727772223281e16cb&skuId=5554940278895&spm=a21n57.1.hoverItem.3&utparam=%7B%22aplus_abtest%22%3A%22e65f788f9d3643174b02967978d2faf7%22%7D&xxc=taobaoSearch,护踝货盘(5).xlsx,2026.03
护踝,轻薄 / 扭伤护踝,轻薄扭伤 / （绑带透气款）,一代,JAFFICK,HH33,三月：59-9=50,已量产,2025.10上架,①针对外露缝纫线： / 思路一：参考练己全压胶（已在JAFFICK初步尝试） / 思路二：参考LP四针六线上压胶条（已在JAFFICK初步尝试） / ②参考KEEP激光打孔点阵，视觉突出透气 / ③参考KEEP做左右两侧弧形提手,https://detail.tmall.com/item.htm?id=816611195057&mi_id=0000f3hH-j-6a3yld8r8YrYHfrymQxdNmKAPvDmqhs1Ta7o&sku_properties=1627207%3A33361482491&spm=a21xtw.29178619.0.0 | https://detail.tmall.com/item.htm?abbucket=6&id=789385212652&mi_id=0000KeBFKB4jPVb-OKfZF4KRYndvnjXIWjgYATLgQJsjkow&ns=1&priceTId=213e097017633727772223281e16cb&skuId=5554940278895&spm=a21n57.1.hoverItem.3&utparam=%7B%22aplus_abtest%22%3A%22e65f788f9d3643174b02967978d2faf7%22%7D&xxc=taobaoSearch,护踝货盘(5).xlsx,2026.03
护踝,轻薄 / 扭伤护踝,轻薄扭伤 / （绑带硅胶款）,一代,TMT,HH03,三月：1247-200=1047,已量产,,①参考KEEP硅胶垫改为热压工艺，目前存在印花上缝线问题 / ②改为网眼透气面料 / ③其余同上,,护踝货盘(5).xlsx,2026.03
护踝,轻薄 / 扭伤护踝,轻薄扭伤 / （绑带硅胶款）,一代,SERUNA,HH03,,未知,,①参考KEEP硅胶垫改为热压工艺，目前存在印花上缝线问题 / ②改为网眼透气面料 / ③其余同上,,护踝货盘(5).xlsx,2026.03
护踝,轻薄 / 扭伤护踝,轻薄扭伤 / （绑带硅胶款）,一代,JAFFICK,HH03,,未知,,①参考KEEP硅胶垫改为热压工艺，目前存在印花上缝线问题 / ②改为网眼透气面料 / ③其余同上,,护踝货盘(5).xlsx,2026.03
护踝,轻薄 / 扭伤护踝,轻薄扭伤 / （绑带硅胶款）,二代,ANTA,9825172565,三月：547-43=504,已量产,已有ANTA涂装版在升级 （已上架）,①参考KEEP硅胶垫改为热压工艺，目前存在印花上缝线问题 / ②改为网眼透气面料 / ③其余同上,https://detail.tmall.com/item.htm?id=816611195057&mi_id=0000f3hH-j-6a3yld8r8YrYHfrymQxdNmKAPvDmqhs1Ta7o&sku_properties=1627207%3A33361482491&spm=a21xtw.29178619.0.0 | https://detail.tmall.com/item.htm?abbucket=6&id=789385212652&mi_id=0000KeBFKB4jPVb-OKfZF4KRYndvnjXIWjgYATLgQJsjkow&ns=1&priceTId=213e097017633727772223281e16cb&skuId=5554940278895&spm=a21n57.1.hoverItem.3&utparam=%7B%22aplus_abtest%22%3A%22e65f788f9d3643174b02967978d2faf7%22%7D&xxc=taobaoSearch,护踝货盘(5).xlsx,2026.03
护踝,轻薄 / 扭伤护踝,防扭伤外套,一代,TMT,HH09,三月：26-3=23,已量产,清仓中,①可参考美津浓使用HW53网眼复合面料做不可拆卸式 / ②可参考LP做外露踝骨,https://detail.tmall.com/item.htm?id=806875245900&last_time=1763090979&mi_id=0000yuRy4X16Z6wS8AxCPS-e7rgHCI5Sg_JpnHCXwxRW4Gk&scm=1007.13982.82927.0&sku_properties=1627207%3A33001478542&spm=tbpc.mytb_footmark.item.goods&upStreamPrice=5190 | https://detail.tmall.com/item.htm?abbucket=6&id=802790267641&mi_id=00000eK38FH2HVBBfXHR4reXSfI0M0nM2MjW5NwosWgxsnM&ns=1&priceTId=214780b217633770318395726e0e5b&skuId=5651282521783&spm=a21n57.1.hoverItem.6&utparam=%7B%22aplus_abtest%22%3A%226028b267f8c823837c2c7d8d15fad5c8%22%7D&xxc=taobaoSearch,护踝货盘(5).xlsx,2026.03
护踝,运动护踝,交叉绑护踝,一代,TMT,HH74/H73/H74,0,已量产,清仓中,①目前为两种面料缝合，该工艺目前来看稍显粗糙，针对该问题有两种解决方向： / 方向一：参考李宁、美津浓、安德玛，使用一体式可自粘弹力网眼面料（HW53同款） / 方向二：参考LP徕卡面料复合自粘毛面。 / 两种方法均可提高产品质感，工艺难度均可实现，成本上第二种可能更低 / ②针对防护性，参考安德玛及LP在踝骨处增加硅胶垫 / ③针对贴合度，参考LP爆款护踝，在左右两侧开孔,,护踝货盘(5).xlsx,2026.03
护踝,运动护踝,交叉绑护踝,一代,SERUNA,HH13,三月：1575-356=1219,已量产,,①目前为两种面料缝合，该工艺目前来看稍显粗糙，针对该问题有两种解决方向： / 方向一：参考李宁、美津浓、安德玛，使用一体式可自粘弹力网眼面料（HW53同款） / 方向二：参考LP徕卡面料复合自粘毛面。 / 两种方法均可提高产品质感，工艺难度均可实现，成本上第二种可能更低 / ②针对防护性，参考安德玛及LP在踝骨处增加硅胶垫 / ③针对贴合度，参考LP爆款护踝，在左右两侧开孔,,护踝货盘(5).xlsx,2026.03
护踝,运动护踝,交叉绑护踝,一代,JAFFICK,HH29,三月：6-0=6,已量产,2025.10上架,①目前为两种面料缝合，该工艺目前来看稍显粗糙，针对该问题有两种解决方向： / 方向一：参考李宁、美津浓、安德玛，使用一体式可自粘弹力网眼面料（HW53同款） / 方向二：参考LP徕卡面料复合自粘毛面。 / 两种方法均可提高产品质感，工艺难度均可实现，成本上第二种可能更低 / ②针对防护性，参考安德玛及LP在踝骨处增加硅胶垫 / ③针对贴合度，参考LP爆款护踝，在左右两侧开孔,,护踝货盘(5).xlsx,2026.03
护踝,运动护踝,交叉绑护踝,二代,TMT,HH05,三月：375-83=292,已量产,,①目前为两种面料缝合，该工艺目前来看稍显粗糙，针对该问题有两种解决方向： / 方向一：参考李宁、美津浓、安德玛，使用一体式可自粘弹力网眼面料（HW53同款） / 方向二：参考LP徕卡面料复合自粘毛面。 / 两种方法均可提高产品质感，工艺难度均可实现，成本上第二种可能更低 / ②针对防护性，参考安德玛及LP在踝骨处增加硅胶垫 / ③针对贴合度，参考LP爆款护踝，在左右两侧开孔,https://detail.tmall.com/item.htm?id=809860749271&last_time=1763091314&mi_id=0000eGQmLuXNEvxXjxjc4RfuQACR-O_W46KkFlcIvbV4pFE&scm=1007.13982.82927.0&spm=tbpc.mytb_footmark.item.goods&upStreamPrice=4840 | https://chaoshi.detail.tmall.com/item.htm?abbucket=6&id=800805070101&mi_id=0000_UUCGmIFHYLTlel-v4VC1zmCp4ikP5GS2Twv_xWP4OU&ns=1&priceTId=2147bff817634288453464370e0f09&skuId=5824120552933&spm=a21n57.1.hoverItem.49&utparam=%7B%22aplus_abtest%22%3A%22a0ce173cc9b2d5b76fde04b9112fa2d6%22%7D&xxc=taobaoSearch | https://detail.tmall.com/item.htm?abbucket=6&id=972698950739&mi_id=0000b2gbaEpRJHPyG-IEl_Rdsz5rqCBSFt1kskiuh27ed78&ns=1&priceTId=2147bff817634289721074111e0f09&skuId=6091069691900&spm=a21n57.1.hoverItem.43&utparam=%7B%22aplus_abtest%22%3A%22e36dd3c0e7495afef7e93d1ca6e2495d%22%7D&xxc=taobaoSearch,护踝货盘(5).xlsx,2026.03
护踝,运动护踝,运动支撑护踝,一代,TMT,HH80,三月：3-2=1,已量产,清仓中,,,护踝货盘(5).xlsx,2026.03
护踝,运动护踝,套筒运动护踝,一代,TMT,H62,0,已量产,清仓中,,,护踝货盘(5).xlsx,2026.03
护踝,运动护踝,套筒绑带运动护踝,一代,TMT,FH18,0,已量产,清仓中,,,护踝货盘(5).xlsx,2026.03
护踝,针织护踝,针织扭伤护踝,一代,TMT,H72,0,已量产,清仓中,暂无后续升级思路,,护踝货盘(5).xlsx,2026.03
护踝,针织护踝,针织扭伤护踝,一代,SERUNA,JHH003,三月：30-10=20,已量产,2025.10上架,暂无后续升级思路,,护踝货盘(5).xlsx,2026.03
护踝,骨折护踝,外露骨折护踝,一代,TMT,H70,三月：4727-1464=3263+2584=5847,已量产,,①等待SERUNA测试后，更换同款面料 / ②夹板重新开模新外观，更新后可三品牌可同时进行升级,,护踝货盘(5).xlsx,2026.03
护踝,骨折护踝,外露骨折护踝,一代,SERUNA,H70,,未知,,①等待SERUNA测试后，更换同款面料 / ②夹板重新开模新外观，更新后可三品牌可同时进行升级,,护踝货盘(5).xlsx,2026.03
护踝,骨折护踝,外露骨折护踝,一代,JAFFICK,H70,,未知,,①等待SERUNA测试后，更换同款面料 / ②夹板重新开模新外观，更新后可三品牌可同时进行升级,,护踝货盘(5).xlsx,2026.03
护踝,骨折护踝,外露骨折护踝,一代,ANTA,C-H70,三月：1044-173=871,已量产,,①等待SERUNA测试后，更换同款面料 / ②夹板重新开模新外观，更新后可三品牌可同时进行升级,,护踝货盘(5).xlsx,2026.03
护踝,骨折护踝,外露骨折护踝,二代,SERUNA,HH19,三月： / 481-149=332+318=650,已量产,已有SERUNA涂装版在升级,①等待SERUNA测试后，更换同款面料 / ②夹板重新开模新外观，更新后可三品牌可同时进行升级,,护踝货盘(5).xlsx,2026.03
护踝,骨折护踝,外露骨折护踝,二代,JAFFICK,HH37,三月：35-10=25,已量产,2025.10上架,①等待SERUNA测试后，更换同款面料 / ②夹板重新开模新外观，更新后可三品牌可同时进行升级,,护踝货盘(5).xlsx,2026.03
护踝,骨折护踝,外露骨折护踝,三代,SERUNA,HH43,三月：55-9=46,已量产,2026.01上架,①等待SERUNA测试后，更换同款面料 / ②夹板重新开模新外观，更新后可三品牌可同时进行升级,,护踝货盘(5).xlsx,2026.03
护踝,骨折护踝,夹板护踝,一代,TMT,H68,0,已量产,清仓中,销量稳定后可推出短款,,护踝货盘(5).xlsx,2026.03
护踝,骨折护踝,夹板护踝,二代,TMT,HH11,三月：121-37=84,已量产,,销量稳定后可推出短款,,护踝货盘(5).xlsx,2026.03
护踝,骨折护踝,夹板护踝,二代,SERUNA,HH11,,未知,,销量稳定后可推出短款,,护踝货盘(5).xlsx,2026.03
护踝,骨折护踝,夹板护踝,三代,TMT,HH39/C-HH51,三月：42-56=-14（HH39) / 三月：1179-367=812（C-HH51）,已量产,2025.11上架 / HH39清仓中,销量稳定后可推出短款,https://detail.tmall.com/item.htm?ali_refid=a3_430673_1006%3A1687146107%3AH%3AzPVVtyeZHoLUSXBr%2F7ITjQ%3D%3D%3A2548fce522ef77887d06fb5ed19878b8&ali_trackid=282_2548fce522ef77887d06fb5ed19878b8&id=779208410893&loginBonus=1&mi_id=0000o2jfV1mMfSybrTZ2iQ5NDvCOugbN0pVRbFeWhUq_pzs&mm_sceneid=1_0_5453097102_0&priceTId=2150494517673247611881455e100d&skuId=5719878080460&spm=a21n57.sem.item.23&utparam=%7B%22aplus_abtest%22%3A%22533469c26bd17209df34d5fd496a8687%22%7D&xxc=ad_ztc,护踝货盘(5).xlsx,2026.03
护踝,骨折护踝,夹板护踝,三代,SERUNA,HH49,三月:475-115=360,已量产,2026.02上架,销量稳定后可推出短款,https://detail.tmall.com/item.htm?ali_refid=a3_430673_1006%3A1687146107%3AH%3AzPVVtyeZHoLUSXBr%2F7ITjQ%3D%3D%3A2548fce522ef77887d06fb5ed19878b8&ali_trackid=282_2548fce522ef77887d06fb5ed19878b8&id=779208410893&loginBonus=1&mi_id=0000o2jfV1mMfSybrTZ2iQ5NDvCOugbN0pVRbFeWhUq_pzs&mm_sceneid=1_0_5453097102_0&priceTId=2150494517673247611881455e100d&skuId=5719878080460&spm=a21n57.sem.item.23&utparam=%7B%22aplus_abtest%22%3A%22533469c26bd17209df34d5fd496a8687%22%7D&xxc=ad_ztc,护踝货盘(5).xlsx,2026.03
护踝,骨折护踝,夹板护踝,三代,JAFFICK,,,未知,该版型产品功能及需求与二级防护护踝类似。若无运营需求，不主动升级,销量稳定后可推出短款,https://detail.tmall.com/item.htm?ali_refid=a3_430673_1006%3A1687146107%3AH%3AzPVVtyeZHoLUSXBr%2F7ITjQ%3D%3D%3A2548fce522ef77887d06fb5ed19878b8&ali_trackid=282_2548fce522ef77887d06fb5ed19878b8&id=779208410893&loginBonus=1&mi_id=0000o2jfV1mMfSybrTZ2iQ5NDvCOugbN0pVRbFeWhUq_pzs&mm_sceneid=1_0_5453097102_0&priceTId=2150494517673247611881455e100d&skuId=5719878080460&spm=a21n57.sem.item.23&utparam=%7B%22aplus_abtest%22%3A%22533469c26bd17209df34d5fd496a8687%22%7D&xxc=ad_ztc,护踝货盘(5).xlsx,2026.03
护踝,骨折护踝,二级防护,一代,TMT,,,未知,该版型产品功能及需求与夹板护踝类似。若无运营需求，不主动升级,,,护踝货盘(5).xlsx,2026.03
护踝,骨折护踝,二级防护,一代,SERUNA,HH23,三月：1929-491=1438,已量产,2025.9上架,,,护踝货盘(5).xlsx,2026.03
护踝,骨折护踝,二级防护,一代,JAFFICK,HH31,三月：260-68=192,已量产,2025.10上架,,,护踝货盘(5).xlsx,2026.03
护踝,骨折护踝,鞋带固定,一代,TMT,H18,0,已量产,清仓中,,,护踝货盘(5).xlsx,2026.03
护踝,骨折护踝,早期清仓未配图护踝,未标注,TMT,H17,0,已量产,清仓中,,,护踝货盘(5).xlsx,2026.03
睡眠,双面眼罩,无鼻梁低价款,一代,SERUNA,YZ11,227-69=158,已量产,清仓中,,,睡眠货盘(7).xlsx,2026年4月
睡眠,双面眼罩,无鼻梁低价款,二代,SERUNA,YZ12,1530-230=1300,已量产,2025.12.14上架,,,睡眠货盘(7).xlsx,2026年4月
睡眠,双面眼罩,鼻梁高价款,一代,SERUNA,YZ13,已清仓,未知,,,,睡眠货盘(7).xlsx,2026年4月
睡眠,双面眼罩,鼻梁高价款,二代,SERUNA,YZ13,68-14=54,已量产,2025.12.10上架,,,睡眠货盘(7).xlsx,2026年4月
睡眠,重力眼罩,月牙重力眼罩,一代,SERUNA,YZ15,325-39=286,已量产,2026.3上架,,,睡眠货盘(7).xlsx,2026年4月
睡眠,真丝眼罩,真丝眼罩,一代,SERUNA,YZ09,6-1=5,已量产,,,,睡眠货盘(7).xlsx,2026年4月
睡眠,套头式睡眠帽,双面套头睡眠帽,一代,SERUNA,YZ19,1499-346=1153,已量产,2026.2.6上架,,,睡眠货盘(7).xlsx,2026年4月
睡眠,泡棉耳塞,基础款泡棉耳塞,一代,SERUNA,ES01,5989-803=5186,已量产,,,,睡眠货盘(7).xlsx,2026年4月
睡眠,X形口贴,基础款X形口贴,一代,SERUNA,JR17,0,已量产,,,,睡眠货盘(7).xlsx,2026年4月
睡眠,记忆棉旅行枕,珍珠棉旅行枕,一代,SERUNA,HJ11,21-3=18,已量产,2026.2.9上架,,,睡眠货盘(7).xlsx,2026年4月
睡眠,记忆棉旅行枕,冰凉丝旅行枕,一代,SERUNA,HJ13,0,已量产,2026.3上架,,,睡眠货盘(7).xlsx,2026年4月
睡眠,纯棉旅行枕,纯棉长条旅行枕,一代,SERUNA,HJ09,0,已量产,2026.3上架,,,睡眠货盘(7).xlsx,2026年4月
