module_id,module_type_sheet,module_type_col,module_name,size,factory_src,factory_col,design_time,material,color,price,remark,image_front_id,image_back_id,source_sheet,source_file,row_in_sheet,ingested_at
BX-HX-04,版型模块,,莱卡夹胶复合面料,385mm*60mm,博凯,博凯,2025.07.04,莱卡夹胶复合面料,,,,ID_799AA3A8FE0043F4AD912B6133183845,ID_C9E081DEC7BE4963BA43010B8ABF4DFD,版型模块,博凯模块库,3,2026-06-01
BX-HX-05,版型模块,,莱卡夹胶复合面料,195mm*50mm,博凯,博凯,2025.09.25,莱卡夹胶复合面料,,,,ID_A58919261D374ADE80705D4ABB41953C,,版型模块,博凯模块库,4,2026-06-01
BX-HX-10,版型模块,,双面复合摇粒绒,475mm*265mm,博凯,博凯,2025.09.12,双面复合摇粒绒,,,,ID_E7B5B7CC77154AA8B4ED56CB376CA6D6,,版型模块,博凯模块库,5,2026-06-01
BX-HX-11,版型模块,,莱卡TPU复合面料,564.3mm*205.7mm,博凯,博凯,2025.12.16,莱卡TPU复合面料,,,,ID_BFBE21319B134D7E906B79FA95EDB9EA,,版型模块,博凯模块库,6,2026-06-01
BX-HY-05,版型模块,,带孔亲肤复合面料,900mm*180mm,博凯,博凯,2025.07.11,带孔亲肤复合面料,,,,ID_FD47099BB92F42549839B89010E45EF8,ID_1C3E630CCEA144879A372DFE949C964B,版型模块,博凯模块库,7,2026-06-01
BX-HY-06,版型模块,,透气弹性复合面料,1100mm*255mm,博凯,博凯,-,透气弹性复合面料,,,,,ID_8247AB490AEB479CA48179E259653226,版型模块,博凯模块库,8,2026-06-01
BX-HW-03,版型模块,,方形弹力网布【升级不变形】,245mm*50mm,博凯,博凯,-,方形弹力网布【升级不变形】,,,,,,版型模块,博凯模块库,9,2026-06-01
BX-HW-04,版型模块,,高弹透气针织布,520mm*155mm,博凯,博凯,-,高弹透气针织布,,,,ID_68462AFB6032432B8420A712B5D622ED,,版型模块,博凯模块库,10,2026-06-01
BX-HW-05,版型模块,,莱卡高弹力针织布,450mm*55mm,博凯,博凯,2025.06.25,莱卡高弹力针织布,,,,ID_27C6426A524A426285DB530488206548,ID_36925985D4C041B5B6931ABDED142B17,版型模块,博凯模块库,14,2026-06-01
BX-HW-06,版型模块,,N裸感布黑色对贴,,博凯,博凯,,N裸感布黑色对贴,,,,ID_B531DADDA37D476BA9DD2D03AB22AD21,,版型模块,博凯模块库,15,2026-06-01
BX-HW-09,版型模块,,透气网孔三明治布,195mm*180mm,博凯,博凯,2025.06.04,透气网孔三明治布,,,,ID_7D36FE6E205F4FED88A1A9F57FD0081B,ID_D955E46661FD4C01BF5EBCE6BE5E0C8C,版型模块,博凯模块库,16,2026-06-01
BX-HW-10,版型模块,,透气网孔三明治布,,博凯,博凯,,透气网孔三明治布,,,,,,版型模块,博凯模块库,20,2026-06-01
BX-HW-10,版型模块,,透气网孔三明治布,,博凯,博凯,2025.09.25,透气网孔三明治布,,,,ID_400FB51264FC4B7CA1E0D36712C8B505,,版型模块,博凯模块库,22,2026-06-01
BX-HW-11,版型模块,,锦氨网眼布,270mm*112.3mm,博凯,博凯,2025.08.30,锦氨网眼布,,,,ID_A7C7C7D2785D43208C6D0D296B82AAF0,,版型模块,博凯模块库,23,2026-06-01
BX-HW-12,版型模块,,锦氨小蝶网+高回弹TPU+超细OK灰色,420mm*67mm,博凯,博凯,,锦氨小蝶网+高回弹TPU+超细OK灰色,,,这款主要在宏博生产,ID_9051DD077EE3463893F361422B1ABE68,ID_B2403A5786D440349E61E0D6B8294BD4,版型模块,博凯模块库,24,2026-06-01
BX-HW-13,版型模块,,粘扣布背热熔胶黑色,315.5mm*111.13mm,博凯,博凯,2026.01.03,粘扣布背热熔胶黑色,,,,ID_300522CB5F5C4B6C9407DEDE19485290,,版型模块,博凯模块库,25,2026-06-01
BX-HH-01,版型模块,,亲肤带孔莱卡布,150mm*210mm,博凯,博凯,2025.06.11,亲肤带孔莱卡布,,,,ID_7720A02BDAE5424ABA0F19A7B0B32EAC,,版型模块,博凯模块库,26,2026-06-01
BX-HH-05,版型模块,,打孔高弹力针织布复合,,博凯,博凯,2025.06.17,打孔高弹力针织布复合,,,,ID_C167E1B1E04E43EE90B65A2EACF4AE3D,,版型模块,博凯模块库,31,2026-06-01
BX-HH-06,版型模块,,三明治网布,,博凯,博凯,,三明治网布,,,,ID_57BA7E295B624CC1B9196CDE6DF177B8,,版型模块,博凯模块库,33,2026-06-01
BX-HH-07,版型模块,,200克涤氨四面弹灰色,,博凯,博凯,2025.11.07,200克涤氨四面弹灰色,,,,ID_41632BCFC5C1464082077FD248E51E6B,,版型模块,博凯模块库,34,2026-06-01
02.01.01,面料模块,三明治网布,网眼三明治（黑色F265三明治,-,博凯,,-,-,黑色,19元/米,,ID_208A83641B3F46F9BD6F20C05C9F98AF,,面料模块,博凯模块库,3,2026-06-01
02.01.02,面料模块,,网眼三明治（灰色F265三明治,-,博凯,,-,-,灰色,19元/米,,ID_A1BA88DFE354442EAA6323CF19194284,,面料模块,博凯模块库,10,2026-06-01
02.02.01,面料模块,皮革,1.4牛巴哥黑色,,博凯,,,,黑色,24元/米,,ID_14AD606262B54635977E88FDC699C9EB,,面料模块,博凯模块库,17,2026-06-01
02.02.02,面料模块,,1.4牛巴哥灰色,,博凯,,,,灰色,24元/米,,ID_A3CAFDB8A2A84D04B9FDA8B4DC877811,,面料模块,博凯模块库,22,2026-06-01
02.02.03,面料模块,,牛津布底细布纹革黑色,,博凯,,,,黑色,16元/米,,ID_47305B73376847929E675EFA46043DE8,,面料模块,博凯模块库,26,2026-06-01
02.02.04,面料模块,,牛津布底细布纹革灰色改肤感硅胶17#灰色,,博凯,,,,灰色,15.5元/米,,ID_4FB17D6209C6479B9BBDA4339CA81E1C,,面料模块,博凯模块库,28,2026-06-01
02.02.05,面料模块,,新欧标细羊纹黑色,,博凯,,,,黑色,21元/米,,ID_6653880E3A1842A28956E05D6C0BDA71,,面料模块,博凯模块库,32,2026-06-01
02.02.06,面料模块,,新欧标细羊纹白色,,博凯,,,,白色,21元/米,,ID_4CCAEF0AD8FE4AD881771D6359C6D44A,,面料模块,博凯模块库,33,2026-06-01
02.03.01,面料模块,tpu贴合类复合面料,粘扣布贴涤纶莱卡黑色,,博凯,,,,黑色,42元/米,,ID_85F389CBF15B46F983773DE23AF02B9E,,面料模块,博凯模块库,35,2026-06-01
02.03.02,面料模块,,粘扣布贴涤纶莱卡灰色,,博凯,,,,灰色,42元/米,,ID_6AEE02C5C3554906880F043FAB967EC8,,面料模块,博凯模块库,39,2026-06-01
02.03.03,面料模块,,涤氨莱卡+15sTPU+莱卡黑色,,博凯,,,,黑色,29元/米,,ID_BA8D9221F8404705969F2F42C90C7731,,面料模块,博凯模块库,43,2026-06-01
02.03.04,面料模块,,涤氨莱卡+15sTPU+莱卡肤色,,博凯,,,,肤色,31元/米,,ID_5C42960AA1D84EBD89D5C3DE61255F30,,面料模块,博凯模块库,48,2026-06-01
02.03.05,面料模块,,纳米网眼152cm180gsm，黑色对贴,,博凯,,,,黑色,37元/米,,ID_D3E89C9E7D654E5E9B4F99154CEF5949,,面料模块,博凯模块库,50,2026-06-01
02.03.06,面料模块,,纳米网眼152cm180gsm，肤色对贴,,博凯,,,,肤色,38元/米,,ID_31708891912E467C83963F642FFCDF8B,,面料模块,博凯模块库,51,2026-06-01
02.03.07,面料模块,,49#灰色N裸感布+10A浅灰色粘扣布,,博凯,,,,灰色,46元/米,,ID_359FAE194EF8407097A823BDF97640B1,,面料模块,博凯模块库,52,2026-06-01
02.03.08,面料模块,,锦氨小蝶网+高回弹TPU+超细OK黑色,,博凯,,,,黑色,86元/米,,ID_58D161FAA85D4340B8EF400C48BB4928,,面料模块,博凯模块库,53,2026-06-01
02.03.09,面料模块,,锦氨小蝶网+高回弹TPU+超细OK灰色,,博凯,,,,灰色,86元/米,,ID_525943D00F3F462E8790C722B7CB56E1,,面料模块,博凯模块库,54,2026-06-01
02.03.10,面料模块,,锦氨莱卡+15sTPU+莱卡灰色,,博凯,,,,灰色,30元/米,,ID_8651BC95580542789E352D5A8223B2C4,,面料模块,博凯模块库,55,2026-06-01
02.03.12,面料模块,,纳米网眼灰色180gsm对贴,,博凯,,,,灰色,45元/米,,,,面料模块,博凯模块库,57,2026-06-01
02.03.13,面料模块,,山波条纹布+15stpu+纳米网眼浅灰色,,博凯,,,,灰色,,,ID_5837E923605F4AA9AFCC9905CC303A38,,面料模块,博凯模块库,58,2026-06-01
02.03.14,面料模块,,莱卡黑色+15sTPU+ok布黑色,,博凯,,,,黑色,37元/米,,ID_087247DD47604F90B9A778A7F84F4F84,,面料模块,博凯模块库,59,2026-06-01
02.03.15,面料模块,,莱卡灰色+15sTPU+ok布灰色,,博凯,,,,灰色,37元/米,,ID_7235A68C51E641ED8AE9C37D4E1887B4,,面料模块,博凯模块库,60,2026-06-01
02.04.01,面料模块,SBR复合面料类,灰色锦双面莱卡贴1.5mmSBR贴仿N布,,博凯,,,,黑色,49元/米,,ID_B35430800C3E407AA36570CCD64136C5,,面料模块,博凯模块库,62,2026-06-01
02.04.02,面料模块,,仿ok+2mmSBR+T布+热熔胶膜+打孔黑色,,博凯,,,,灰色,45元/米,,ID_8702464D6743482D93930B4D73FC64DB,,面料模块,博凯模块库,67,2026-06-01
02.04.03,面料模块,,牛奶丝+2MMSBR+牛奶丝 黑色 打孔,,博凯,,,,黑色,49元/米,,ID_CCE43B79F9B14DBA9426C7EC62932564,,面料模块,博凯模块库,68,2026-06-01
02.04.04,面料模块,,牛奶丝+2MMSBR+牛奶丝 灰色 打孔,,博凯,,,,灰色,49元/米,,ID_E7A4987C15414226A8AD473AF2557CC1,,面料模块,博凯模块库,71,2026-06-01
02.04.05,面料模块,,灰仿Ok布+2MM黑SBR+灰N布冲孔,,博凯,,,,灰色,49元/米,,ID_393A906E6EA24BA599C63ED8B3D3F125,,面料模块,博凯模块库,72,2026-06-01
02.04.06,面料模块,,2.5mmSBR黑色,,博凯,,,,黑色,10元/米,,ID_B186BC5E016042B9BF5CDDA6345D92AE,,面料模块,博凯模块库,73,2026-06-01
02.05.01,面料模块,热熔胶膜类复合布,粘扣布背热熔胶黑色,,博凯,,,,黑色,35元/米,,ID_EBF9A87010AC4D9CA4ABD6DAE82A625A,,面料模块,博凯模块库,76,2026-06-01
02.05.02,面料模块,,粘扣布背热熔胶肤色,,博凯,,,,肤色,35元/米,,ID_B47C5AB7F5EE4CA99B813979E193AD3B,,面料模块,博凯模块库,82,2026-06-01
02.05.03,面料模块,,粘扣布背热熔胶黑色冲孔,,博凯,,,,黑色,39元/米,,ID_757A68D5BED841E0B2E5130B590057D2,,面料模块,博凯模块库,84,2026-06-01
02.05.04,面料模块,,粘扣布背热熔胶黑色冲孔,,博凯,,,,黑色,39元/米,,ID_0F8F766A038F4CADBBBA6813B95CF18C,,面料模块,博凯模块库,85,2026-06-01
02.05.05,面料模块,,锦双面莱卡布灰色贴15s热熔胶膜,,博凯,,,,灰色,41元/米,,ID_A890517DC21946B89546F79EBD689C92,,面料模块,博凯模块库,86,2026-06-01
02.05.06,面料模块,,49#灰色N裸感布贴10s热熔胶膜,,博凯,,,,灰色,40元/米,,ID_C3B4CDAEE8F9483EA84D85F76CC55A7F,,面料模块,博凯模块库,91,2026-06-01
02.05.07,面料模块,,牛奶丝拉毛黑色贴10s热融胶膜,,博凯,,,,黑色,46元/米,,ID_59C881E489FA4322872A9E1B12ED6B0E,,面料模块,博凯模块库,92,2026-06-01
02.05.08,面料模块,,粘扣布背热熔胶肤色H25,,博凯,,,,,35元/米,,ID_A3E0F79E85734F8481977DB01776C848,,面料模块,博凯模块库,93,2026-06-01
02.05.09,面料模块,,粘扣布背热熔胶灰色H50,,博凯,,,,,35元/米,,ID_242A17BCD6C84134A7A2E4A76272C916,,面料模块,博凯模块库,94,2026-06-01
02.05.10,面料模块,,320克蝶网黑色背热熔胶膜,,博凯,,,,,56元/米,,ID_0931987FC347466196D4BA87F1EAEF33,,面料模块,博凯模块库,97,2026-06-01
02.05.11,面料模块,,320克蝶网肤色背热熔胶膜,,博凯,,,,,57元/米,,ID_42542634B7FC44BC90B30B49DF3AB73B,,面料模块,博凯模块库,98,2026-06-01
02.05.12,面料模块,,N裸感布黑色对贴背热熔胶膜,,博凯,,,,,71元/米,,ID_D8AABAB944784F23844824B3CD7578F8,,面料模块,博凯模块库,99,2026-06-01
02.05.13,面料模块,,粘扣布背热熔胶浅灰色H2,,博凯,,,,,35元/米,,,,面料模块,博凯模块库,100,2026-06-01
02.05.14,面料模块,,山波条纹布浅灰色背热熔胶膜,,博凯,,,,,山途采购+博铠复合，价格需核算确定下,,,,面料模块,博凯模块库,102,2026-06-01
02.05.15,面料模块,,莱卡+15sTPU+莱卡黑色+20s热熔胶膜,,博凯,,,,,52元/米,,ID_2916927F9EF845059B592C03422D0DBB,,面料模块,博凯模块库,103,2026-06-01
02.05.16,面料模块,,ok布黑色背热熔胶膜,,博凯,,,,,40元/米,,ID_AA941E12BF884E1DB29DA55A15274FED,,面料模块,博凯模块库,104,2026-06-01
02.05.17,面料模块,,ok布灰色背热熔胶膜,,博凯,,,,,40元/米,,ID_7D5F3C5579A3474A855E3A1B9DAD005A,,面料模块,博凯模块库,105,2026-06-01
02.05.18,面料模块,,莱卡+15sTPU+莱卡灰色+20s热熔胶膜,,博凯,,,,,52元/米,,ID_713DBA61A70C408B91A6515DBAFAAC35,,面料模块,博凯模块库,106,2026-06-01
02.06.01,面料模块,四面弹类布,200克涤氨四面弹黑色,,博凯,,,,黑色,8元/米,,ID_DBE091C5B46248C9B3A2EA4BCA637ABE,,面料模块,博凯模块库,108,2026-06-01
02.06.02,面料模块,,200克涤氨四面弹灰色,,博凯,,,,灰色,9元/米,,ID_448D819EF03A4ACF9DEDF445BCA82EDA,,面料模块,博凯模块库,117,2026-06-01
02.06.03,面料模块,,冰感小雨点165cm 160克蓝色,,博凯,,,,蓝色,11元/米,,ID_AB9C4C0918E74AA88850227A99341D75,,面料模块,博凯模块库,126,2026-06-01
02.06.04,面料模块,,160克鲨鱼皮白色,,博凯,,,,白色,18元/米,,ID_BE3C7CAB2DC14E1297594D8EFDA76BE8,,面料模块,博凯模块库,128,2026-06-01
02.06.05,面料模块,,牛奶丝拉架170克白色,,博凯,,,,白色,5元/米,,,,面料模块,博凯模块库,130,2026-06-01
02.06.06,面料模块,,8112#网眼布34#黑色160克160cm,,博凯,,,,黑色,24元/米,,,,面料模块,博凯模块库,132,2026-06-01
02.06.07,面料模块,,8112#网眼布26#蓝灰色,,博凯,,,,蓝灰色,24元/米,,,,面料模块,博凯模块库,134,2026-06-01
02.06.08,面料模块,,320克蝶网黑色,,博凯,,,,黑色,42元/米,,,,面料模块,博凯模块库,135,2026-06-01
02.06.09,面料模块,,320克蝶网肤色,,博凯,,,,肤色,42元/米,,,,面料模块,博凯模块库,136,2026-06-01
02.06.10,面料模块,,裸感高弹黑色30/40 70N30SP 210克,,博凯,,,,黑色,22元/米,,,,面料模块,博凯模块库,137,2026-06-01
02.06.11,面料模块,,裸感高弹灰色30/40 70N30SP 210克,,博凯,,,,灰色,22元/米,,ID_DAB3C2EF8222499FA52943AE1DE3E36B,,面料模块,博凯模块库,139,2026-06-01
02.06.12,面料模块,,310gsm梵美高弹黑色,,博凯,,,,黑色,32元/米,,ID_65744B08117F481A9A8942901F6BCB9A,,面料模块,博凯模块库,140,2026-06-01
02.06.13,面料模块,,310gsm梵美高弹灰色,,博凯,,,,灰色,42元/米,,ID_AA0BBC9C7D0846CDB82BA453C2B9E93D,,面料模块,博凯模块库,143,2026-06-01
02.06.16,面料模块,,山波条纹布浅灰色,,博凯,,,,灰色,山途采购,,ID_E4C7287DD8D74CE7BA346E6691B45EB8,,面料模块,博凯模块库,144,2026-06-01
02.07.01,面料模块,粘扣布,加硬粘扣布黑色,,博凯,,,,黑色,20元/米,,ID_377D94F87BF846729AC02E2F98B6335D,,面料模块,博凯模块库,146,2026-06-01
02.07.02,面料模块,,加硬粘扣布灰色,,博凯,,,,灰色,20元/米,,ID_FB293CD760A1444DBD034B45EE963987,,面料模块,博凯模块库,157,2026-06-01
02.07.03,面料模块,,布粘布粗面白色,,博凯,,,,白色,17元/米,,ID_B4FAE6394FC84817864AB28258986004,,面料模块,博凯模块库,165,2026-06-01
02.07.04,面料模块,,布粘布细面白色,,博凯,,,,白色,17元/米,,ID_01CB5BF3347D4BB2B1FD8E3FE6743295,,面料模块,博凯模块库,167,2026-06-01
02.07.05,面料模块,,粘扣布漂白色+15Spvc,,博凯,,,,白色,31元/米,,ID_31DF988EE39B44DAA06EB5EF73536719,,面料模块,博凯模块库,169,2026-06-01
02.08.01,面料模块,泡棉贴合类复合面料,49#灰色N裸感布+1mm黑色PU棉+0.1mmtpu膜,,博凯,,,,灰+黑,72元/米,,ID_C5281FFBD10D45CB8D0882E89EC0F7A5,,面料模块,博凯模块库,171,2026-06-01
02.08.02,面料模块,,仿ok+T70泡棉+牛奶丝磨毛黑色,,博凯,,,,黑色,75元/米,,ID_2C46D825BB164EF69EC423B076FF63DD,,面料模块,博凯模块库,172,2026-06-01
02.09.01,面料模块,胶水类贴合类复合面料,奥粒绒对贴蓝灰色,,博凯,,,,蓝灰色,30元/米,,ID_5EB81A63EF41481DBF937F7C517704E9,,面料模块,博凯模块库,174,2026-06-01
02.09.02,面料模块,,奥粒绒对贴米白色,,博凯,,,,白色,30元/米,,ID_BD70D2BF22594D6EB45B20C69AA127FC,,面料模块,博凯模块库,175,2026-06-01
02.09.03,面料模块,,N裸感布黑色对贴,,博凯,,,,黑色,48元/米,,ID_B0E8BCA20FB34092A0D7C04659D6E13A,,面料模块,博凯模块库,176,2026-06-01
02.10.01,面料模块,四面弹网布,涤氨四面弹网布漂白色260克,,博凯,,,,白色,18元/米,,ID_5F97FCC818EB452993622417D66D5530,,面料模块,博凯模块库,178,2026-06-01
02.11.01,面料模块,无弹力网布,树脂网布漂白色,,博凯,,,,白色,12元/米,,ID_7917DA41B2444300ADCB413095C1A968,,面料模块,博凯模块库,180,2026-06-01
02.12.01,面料模块,梭织布,TC梭织布白色,,博凯,,,,白色,9元/米,,ID_E27DC311423546F1931B5CFDBE0C7BD8,,面料模块,博凯模块库,182,2026-06-01
03.19.02,魔术贴模块,魔术贴整体,富士山丝印黑色,16.1*40mm,博凯,,,,,0.7元/套,,ID_26D8D5D9CC9B4923B08955F0DDC0A3BD,,魔术贴模块,博凯模块库,3,2026-06-01
03.19.03,魔术贴模块,,富士山丝印灰色,16.1*40mm,博凯,,,,,0.7元/套,,ID_EB59BA0C5654418282508CA97043FDC1,,魔术贴模块,博凯模块库,4,2026-06-01
03.19.04,魔术贴模块,,seruna丝印黑色,75*40mm,博凯,,,,,1元/套,,ID_B8E0A9B5698B4B31A9FBAB6FB2AFCD50,,魔术贴模块,博凯模块库,5,2026-06-01
03.19.05,魔术贴模块,,seruna丝印灰色,75*40mm,博凯,,,,,1元/套,,ID_D1EE2E20C8484B3F9DED5C9CFBD5025F,,魔术贴模块,博凯模块库,6,2026-06-01
03.19.06,魔术贴模块,,二级防护丝印黑色,20.745*16.5mm,博凯,,,,,0.8元/套,,ID_D185F62A4ABE4CBD945D79B519872A62,,魔术贴模块,博凯模块库,7,2026-06-01
03.19.07,魔术贴模块,,二级防护丝印蓝灰色,20.745*16.5mm,博凯,,,,,0.8元/套,,ID_A6C276047C144D80A1CD29412604A5A3,,魔术贴模块,博凯模块库,8,2026-06-01
03.19.08,魔术贴模块,,seruna+富士山丝印灰色,30*23mm,博凯,,,,,0.7元/套,,ID_767942E45A2842E290D56F57862C8F4D,,魔术贴模块,博凯模块库,9,2026-06-01
03.19.09,魔术贴模块,,TMT reco 丝印黑色,50mm*40mm,博凯,,2025.06.25,麂皮,黑色,0.8元/套,,ID_2BE512FEA97541CDB0A61FBA234AB2B9,,魔术贴模块,博凯模块库,10,2026-06-01
03.05.01,魔术贴模块,射出勾魔术贴（刺面）,2#射出勾黑色,110mm,博凯,,,,黑色,2元/米,,ID_4B3EDBB46D724DB8AB4433B31C6B187F,,魔术贴模块,博凯模块库,12,2026-06-01
03.05.02,魔术贴模块,,2#射出勾透明,110mm,博凯,,,,透明,2.3元/米,,ID_2A1FAB7296494EED995B0D59688127F2,,魔术贴模块,博凯模块库,13,2026-06-01
03.05.03,魔术贴模块,,2#射出勾灰色,110mm,博凯,,,,灰色,4.6元/米,,ID_2F4C827D80C142A69FD1525131EAFC22,,魔术贴模块,博凯模块库,14,2026-06-01
03.06.01,魔术贴模块,背热熔胶魔术贴 （刺面+热熔胶）,2#射出勾背10s热熔胶黑色,110mm,博凯,,,,黑色,6.6元/米,,ID_8479760853774F08B535B9BABB496CAA,,魔术贴模块,博凯模块库,16,2026-06-01
03.06.02,魔术贴模块,,2#射出勾背10s热熔胶肤色,110mm,博凯,,,,肤色,7.8元/米,,ID_B949DFFB26CC4A46904C4F5A4B286A7C,,魔术贴模块,博凯模块库,17,2026-06-01
03.06.03,魔术贴模块,,2#射出勾背10s热熔胶透明色,110mm,博凯,,,,透明,6.8元/米,,ID_307D6DA85C3142B0992094418305EC11,,魔术贴模块,博凯模块库,18,2026-06-01
03.07.01,魔术贴模块,背布魔术贴,细软勾复牛巴革黑色,,博凯,,,,黑色,9.5元/米,,ID_6A1614301BEB4863B56E1452390524F3,,魔术贴模块,博凯模块库,20,2026-06-01
03.07.02,魔术贴模块,,细软勾复牛巴革灰色,,博凯,,,,灰色,10.5元/米,,ID_ED46DB71861D4BB193A9299ED4D9A3EA,,魔术贴模块,博凯模块库,21,2026-06-01
03.07.03,魔术贴模块,,2#射出勾背粘扣布黑色,,博凯,,,,黑色,9.5元/米,,ID_4A6C4B9E7B0D4B1EA90CED20A43FE1A5,,魔术贴模块,博凯模块库,22,2026-06-01
03.07.04,魔术贴模块,,2#透明射出勾背肤色粘扣布,,博凯,,,,肤色,9.5元/米,,ID_7D617855110F45B0A6073CC1927FC4FF,,魔术贴模块,博凯模块库,23,2026-06-01
03.07.05,魔术贴模块,,2#射出勾复牛巴革黑色,,博凯,,,,黑色,9元/米,,ID_650EDACB0094403299773645B046EC47,,魔术贴模块,博凯模块库,24,2026-06-01
03.07.06,魔术贴模块,,2#射出勾复牛巴革灰色,,博凯,,,,灰色,10元/米,,ID_8AE0560019BE41AA8058F29B633B7A3B,,魔术贴模块,博凯模块库,25,2026-06-01
03.07.07,魔术贴模块,,2#透明射出勾背浅灰色粘扣布H2,,博凯,,,,,9.5元/米,,,,魔术贴模块,博凯模块库,26,2026-06-01
03.08.01,魔术贴模块,毛面魔术贴,毛面粘扣带黑色,50MM,博凯,,,,黑色,1元/米,,ID_A6E6F0BEA2604ADD8626522022D50F7C,,魔术贴模块,博凯模块库,28,2026-06-01
03.08.02,魔术贴模块,,毛面粘扣带灰色,50MM,博凯,,,,灰色,1.1元/米,,ID_38D1677032094D1BB6B066D9F21EFA25,,魔术贴模块,博凯模块库,29,2026-06-01
03.09.01,魔术贴模块,热熔胶膜类,20sTPU热熔胶膜,,博凯,,,,,18元/米,,ID_D40A0A76FC154400B7069F6A263F5FD6,,魔术贴模块,博凯模块库,30,2026-06-01
02.20.01,织带模块,松紧带,2cm松紧带灰色黑色单条纹,20MM,博凯,,,,灰黑色,0.85元/米,,ID_C2CDB4CF59DB45CF8A3473DA552BC0DD,,织带模块,博凯模块库,3,2026-06-01
02.20.02,织带模块,,5CM鱼丝松紧带黑色,50MM,博凯,,,,黑色,1.5元/米,,ID_3B11212F885B4F74843000351201472D,,织带模块,博凯模块库,8,2026-06-01
02.20.03,织带模块,,5CM鱼丝松紧带灰色,50MM,博凯,,,,灰色,1.6元/米,,ID_6E3DBA28CB0F4A408BF5DC1483CCA5CF,,织带模块,博凯模块库,14,2026-06-01
02.20.04,织带模块,,5CM轻薄款鱼丝松紧带黑色,50MM,博凯,,,,黑色,1元/米,,ID_31B17CBD93B847AB89FCEF47908E75C6,,织带模块,博凯模块库,18,2026-06-01
02.20.05,织带模块,,5CM轻薄款鱼丝松紧带白色,50MM,博凯,,,,白色,1元/米,,ID_81DFC97192494D14AC12DD701643A3F8,,织带模块,博凯模块库,20,2026-06-01
02.20.06,织带模块,,5cm松紧带黑色,50MM,博凯,,,,黑色,1.5元/米,,ID_C30AE14C976D47EBB8D3D599F071CAB4,,织带模块,博凯模块库,21,2026-06-01
02.20.07,织带模块,,5cm乳胶网眼松紧带黑色,50MM,博凯,,,,黑色,0.75元/米,,ID_0E32D6EE94684334960C4AB2347CE338,,织带模块,博凯模块库,22,2026-06-01
02.20.08,织带模块,,5cm乳胶网眼松紧带灰色,50MM,博凯,,,,灰色,0.75元/米,,ID_68CD8F9E9958484CAF7A756B1A2E7D29,,织带模块,博凯模块库,23,2026-06-01
02.20.09,织带模块,,8cm鱼丝带漂白色,80MM,博凯,,,,白色,2元/米,,ID_A9CA0BF8E4B349F2A26F1F3F673ADCA2,,织带模块,博凯模块库,24,2026-06-01
02.20.12,织带模块,,4cm压花松紧带黑色,40MM,博凯,,,,黑色,4.2元/米,,ID_D4F790DE5B0A49F1964446481AEED298,,织带模块,博凯模块库,25,2026-06-01
02.20.13,织带模块,,5cm富士山印花松紧带蓝白色,50MM,博凯,,,,蓝色,3元/米,,ID_BC6CF858F02346D2962F8952CE6673A2,,织带模块,博凯模块库,26,2026-06-01
02.21.01,织带模块,刚性带,2cm刚性带人字黑色,20MM,博凯,,,,黑色,0.4元/米,,ID_D1236A116DDD405DA0ED776C84FA8C40,,织带模块,博凯模块库,28,2026-06-01
02.21.02,织带模块,,2cm刚性带人字灰色,20MM,博凯,,,,灰色,0.4元/米,,ID_914E214E3CA042F6BCE2291971336F68,,织带模块,博凯模块库,32,2026-06-01
02.21.03,织带模块,,2.5cm平纹刚性带灰色,25MM,博凯,,,,灰色,0.45元/米,,ID_8E85AD84E26246548BBA50AB2D21BE94,,织带模块,博凯模块库,36,2026-06-01
02.21.04,织带模块,,2.5cm横条刚性带黑色,25MM,博凯,,,,黑色,0.4元/米,,ID_2FE2951802EA4D52873AE2529EC9BA10,,织带模块,博凯模块库,37,2026-06-01
02.21.05,织带模块,,3CM防滑刚性带漂白色,30MM,博凯,,,,白色,0.7元/米,,ID_42C5BF6CC90B47538999A732EDB661C7,,织带模块,博凯模块库,38,2026-06-01
02.21.06,织带模块,,32mm双人字带白色,32MM,博凯,,,,白色,0.6元/米,,ID_9D70B21E476444E5818214649F838A46,,织带模块,博凯模块库,39,2026-06-01
02.21.07,织带模块,,1cm刚性带黑色,10MM,博凯,,,,黑色,2元/米,,ID_C28FA2C96D73435D9FA82CA824C4F8B9,,织带模块,博凯模块库,40,2026-06-01
03.01.01,支撑垫片填充模块,塑料支撑类,PP支撑条,12*170mm,博凯,,,,,0.18元/条,,ID_60D8E18BF3CE4B67A639D77B4884DAB4,,支撑垫片填充模块,博凯模块库,3,2026-06-01
03.01.02,支撑垫片填充模块,,S型支撑板,160*30mm,博凯,,,,,0.35元/条,,ID_67033298EA784D5A8C85CAE5A1AE3D07,,支撑垫片填充模块,博凯模块库,8,2026-06-01
03.01.03【左】 03.01.04【右】,支撑垫片填充模块,,护踝支撑板左 护踝支撑板右,50mm*145mm,博凯,,2025-09-12 00:00:00,PVC,透明,0.6元/条,,ID_C45B6FCCD27441F08B06B34B5ADFC728,ID_790E4F02A37045B399F76F953DE144C7,支撑垫片填充模块,博凯模块库,9,2026-06-01
03.01.05【左】 03.01.06【右】,支撑垫片填充模块,,护踝支撑板左 护踝支撑板右,50mm*145mm,博凯,,,TPU,乳白色,0.85元/条,,ID_C45B6FCCD27441F08B06B34B5ADFC728,ID_790E4F02A37045B399F76F953DE144C7,支撑垫片填充模块,博凯模块库,11,2026-06-01
03.01.07【左】,支撑垫片填充模块,,护踝支撑块黑色左,,博凯,,,,黑色,1元/片,,ID_2343875F527140989683ADFA82750ABE,,支撑垫片填充模块,博凯模块库,14,2026-06-01
03.01.08【右】,支撑垫片填充模块,,护踝支撑块黑色右,,博凯,,,,黑色,1元/片,,ID_F2644C0FC2864604919973542F556CF7,,支撑垫片填充模块,博凯模块库,15,2026-06-01
03.01.09【左】,支撑垫片填充模块,,护踝支撑块灰色左,,博凯,,,,灰色,1元/片,,ID_B11D69E789FC419D88CCE9B677814AF1,,支撑垫片填充模块,博凯模块库,16,2026-06-01
03.01.10【右】,支撑垫片填充模块,,护踝支撑块灰色右,,博凯,,,,灰色,1元/片,,ID_7EAC9D1E13CA4BC2B06A0D7F84D042F1,,支撑垫片填充模块,博凯模块库,17,2026-06-01
03.01.11,支撑垫片填充模块,,1mm厚度尼龙片黑色,,博凯,,,尼龙,,0.2元/套（护踝左右两片）,,ID_484976F30C4E45228CA040842945A0A2,,支撑垫片填充模块,博凯模块库,18,2026-06-01
03.01.12,支撑垫片填充模块,,旋钮扣黑色（旋钮、边扣、线）,,博凯,,,,,4元/套,,ID_865E041AAA984E7E980E8AD6194F0CB3,,支撑垫片填充模块,博凯模块库,19,2026-06-01
03.01.13,支撑垫片填充模块,,旋钮扣白色（旋钮、边扣、线）,,博凯,,,,,4元/套,,ID_961220DBC12D480FA900BFE9B623C8ED,,支撑垫片填充模块,博凯模块库,20,2026-06-01
03.01.15,支撑垫片填充模块,,6mm*2mm厚度*28mm长度pp条,6mm*2mm,博凯,,,,,0.1元/条,,,,支撑垫片填充模块,博凯模块库,21,2026-06-01
03.02.01,支撑垫片填充模块,金属支撑类,1.5*28*168护腕铝支撑条,,博凯,,,,,1.8元/片,,ID_EA5634A128B745568AE18D8F340BB9DE,,支撑垫片填充模块,博凯模块库,23,2026-06-01
03.02.02,支撑垫片填充模块,,0.5*12*125喷塑支撑条,,博凯,,,,,0.5元/片,,ID_70BFA7B3560E4C9B8F59EDB7ABCF8C3D,,支撑垫片填充模块,博凯模块库,29,2026-06-01
03.02.03,支撑垫片填充模块,,1.2*9.5*140护腕支撑条,,博凯,,,,,0.6元/片,,ID_7989AC4CB2EE41B68609B0DBBF818211,,支撑垫片填充模块,博凯模块库,32,2026-06-01
03.02.04,支撑垫片填充模块,,0.9*19*158Z弧形钢条,,博凯,,,,,0.5元/片,,ID_E1F1244CD7324AA2BEB2F7069C4AA579,,支撑垫片填充模块,博凯模块库,35,2026-06-01
03.02.05,支撑垫片填充模块,,10*140mm鱼鳞骨弹簧,,博凯,,,,,0.25元/条,,ID_C7463444C5BE49FC963109D83072A994,,支撑垫片填充模块,博凯模块库,36,2026-06-01
03.03.01,支撑垫片填充模块,TPE、硅胶等缓冲垫,护踝TPE缓冲垫左,,博凯,,,,,0.3元/片,,ID_E23C803B5268476AA747EDE26A0A4091,,支撑垫片填充模块,博凯模块库,38,2026-06-01
03.03.02,支撑垫片填充模块,,护踝TPE缓冲垫右,,博凯,,,,,0.3元/片,,ID_A72E9538EEC94D10AF2F2982A19DEFA0,,支撑垫片填充模块,博凯模块库,41,2026-06-01
03.03.03,支撑垫片填充模块,,髌骨带硅胶缓冲垫左,,博凯,,,,,2元/片,,ID_DE52F7CECA574C4E9A0E21089CCCADF1,,支撑垫片填充模块,博凯模块库,44,2026-06-01
03.03.04,支撑垫片填充模块,,髌骨带硅胶缓冲垫右,,博凯,,,,,2元/片,,ID_DE52F7CECA574C4E9A0E21089CCCADF1,,支撑垫片填充模块,博凯模块库,45,2026-06-01
03.03.05,支撑垫片填充模块,,5mm白色乳胶垫,,博凯,,,,,26元/米（门幅1.38米）,,ID_6C055E3EB749469BB8B36CB3A15C7897,,支撑垫片填充模块,博凯模块库,46,2026-06-01
03.03.06,支撑垫片填充模块,,tpe骨头形缓冲垫,,博凯,,,,,0.6元/片,,ID_6B6581669FB54DFD870BA04345967A14,,支撑垫片填充模块,博凯模块库,47,2026-06-01
03.03.07,支撑垫片填充模块,,足底缓冲垫,,博凯,,,,,1.5元/片,,ID_BC958D8FB4F44626B3CCC1099E13F19C,,支撑垫片填充模块,博凯模块库,48,2026-06-01
03.04.01,支撑垫片填充模块,填充棉,PE60克棉絮片,,博凯,,,,,,,ID_D56FC314367C40F494CFD295840B194A,,支撑垫片填充模块,博凯模块库,50,2026-06-01
03.04.02,支撑垫片填充模块,,羽绒棉,,博凯,,,,,,,ID_4460E52B0D7848668E9F9839086BEF02,,支撑垫片填充模块,博凯模块库,52,2026-06-01
03.11.01,配件,塑料扣具,内径2.5cm内置车缝扣黑色,内直径25MM,博凯,,,,,0.1元/枚,,ID_6CBC2FB5AC13449FBDD2F29FBAA318B3,,配件,博凯模块库,3,2026-06-01
03.11.02,配件,,内径2.5cm内置车缝扣灰色,内直径25MM,博凯,,,,,0.12元/枚,,ID_DF52A387722149E5B3549D987BE426D7,,配件,博凯模块库,7,2026-06-01
03.11.03,配件,,5cm车缝扣黑色,内直径58MM,博凯,,,,,0.35元/枚,,ID_34D704242FA64D839310EF84E7DEBBEC,,配件,博凯模块库,10,2026-06-01
03.11.04,配件,,5cm车缝扣灰色,内直径58MM,博凯,,,,,0.4元/枚,,ID_AA062D8ACD8C47D9997F9DBFC290D888,,配件,博凯模块库,11,2026-06-01
03.11.05,配件,,50MM口字扣黑色,内直径51MM,博凯,,,,,0.3元/枚,,ID_16E8BE35AFC947DCB88E3719A89F31E0,,配件,博凯模块库,13,2026-06-01
03.11.06,配件,,50MM口字扣灰色,内直径51MM,博凯,,,,,0.35元/枚,,ID_3A5DE5ADE8AF4305BDBA3199E0D4C339,,配件,博凯模块库,15,2026-06-01
03.11.07,配件,,38MM口字扣黑色,内直径38MM,博凯,,,,,0.07元/枚,,ID_0C4249BBB4B246B2906EE45880A8D2D7,,配件,博凯模块库,16,2026-06-01
03.11.08,配件,,38MM口字扣灰色,内直径38MM,博凯,,,,,0.1元/枚,,ID_131E8C256C514395877F7E977F066BF7,,配件,博凯模块库,17,2026-06-01
03.11.09,配件,,4#旋纽扣黑色,,博凯,,,,,4元/套,,,,配件,博凯模块库,18,2026-06-01
03.11.10,配件,,1.8*3.5cm边扣黑色,,博凯,,,,,,,,,配件,博凯模块库,19,2026-06-01
03.11.11,配件,,0.8mm旋钮钢丝绳黑色,,博凯,,,,,,,,,配件,博凯模块库,20,2026-06-01
03.12.01,配件,金属扣具,2.3cm金属口字扣灰色带牙齿,内直径20MM,博凯,,,,,0.18元/枚,,ID_5721A4A66F7D4BA9AB5AC687438A9664,,配件,博凯模块库,22,2026-06-01
03.12.02,配件,,T面铆钉,10*12mm,博凯,,,,,0.13元/套,,ID_0E86D92D0632483EB0B99EBB08B74A56,,配件,博凯模块库,23,2026-06-01
03.13.01,外观模块,PVC滴塑标,10*50mm SERUNA蓝白色滴塑标,50MM/10MM/2MM,博凯,,,胶牌,PANTONE 3591C,0.15元/枚,,,ID_72773F8F6BE84E638FAB1B4B0DAB898C,外观模块,博凯模块库,3,2026-06-01
03.13.02,外观模块,,16*50MM TMT-RECOVERY灰橙白色滴塑标,50mm×16mm,博凯,,25.07.19,硅胶印花,①白色 ②橙色PANTONE 6020C ③灰色PANTONE 4279C,0.2元/枚,,,ID_11BF08A9E36A43C1B7396615ED614052,外观模块,博凯模块库,4,2026-06-01
03.13.03,外观模块,,12*50mm JAFFICK黑白色滴塑标,50mm*12mm,博凯,,2025-09-12 00:00:00,硅胶标,黑白,0.15元/枚,,,ID_50BFDAE56F664F3A937A8D8A1D4B82DF,外观模块,博凯模块库,5,2026-06-01
03.13.04,外观模块,,SERKURA粉白色滴塑标左,,博凯,,,硅胶标,,0.32元/枚,,,ID_73CC4CC04BBA4641B4EF257664CF46EE,外观模块,博凯模块库,6,2026-06-01
03.13.05,外观模块,,SERKURA粉白色滴塑标右,,博凯,,,硅胶标,,0.32元/枚,,,ID_73CC4CC04BBA4641B4EF257664CF46EE,外观模块,博凯模块库,7,2026-06-01
03.13.06,外观模块,,10*50mm TMT RECO蓝白色滴塑标,50mm×10mm,博凯,,20225.10.21,硅胶标,PANTONE 3591C 白色,0.15元/枚,,,ID_BF9C70B8879848E79EC970C1656C305A,外观模块,博凯模块库,8,2026-06-01
03.14.01（左） 03.14.02（右）,外观模块,硅胶转烫标,11.5*65mm SERUNA硅胶烫标左手蓝色,65MM/11.5MM,博凯,,,胶印,PANTONE 3591C,0.25元/枚,,,ID_4881F9484D4B4F50B18E40FB8BDCB9C2,外观模块,博凯模块库,10,2026-06-01
03.14.03（左） 03.14.04（右）,外观模块,,21.8*40mm SERUNA硅胶烫标左手蓝色 21.8*40mm SERUNA硅胶烫标右手蓝色,22MM/40.3MM,博凯,,,硅胶印刷,PANTONE 3591C,0.25元/枚,,,ID_946838885C2A4A3282B048D6DECC7F35,外观模块,博凯模块库,12,2026-06-01
03.14.05,外观模块,,31.46*77.02mm SERUNA硅胶烫标蓝色,,博凯,,,TPU压胶,PANTONE 3591C,0.5元/枚,,,ID_72A2F2B0FCCE4979ABFC0EAE162F3AA3,外观模块,博凯模块库,13,2026-06-01
03.14.06,外观模块,,11.85*60mm  SERUNA硅胶烫标蓝色,11.85*60mm,博凯,,,硅胶烫标,,0.4元/枚,,,ID_6AB90894AAA745CBA12F9E6655953052,外观模块,博凯模块库,14,2026-06-01
03.14.07（左） 03.14.08（右）,外观模块,,45.8*95mm  富士山硅胶烫标蓝色左脚 45.8*95mm  富士山硅胶烫标蓝色右脚,45.8MM/95MM,博凯,,,厚版胶印,seruna品牌蓝,1元/枚,,,ID_58EEFA87D1E146E9BDED9F3202B68DF7,外观模块,博凯模块库,15,2026-06-01
03.14.09,外观模块,,9*30MM T-comb橙白色硅胶烫标,30mm×9mm,博凯,,25.07.19,丝网印,①白色 ②PANTONE 6020C,0.22元/枚,,,ID_542884051D9446FFAE045209CFF22E58,外观模块,博凯模块库,16,2026-06-01
03.14.10,外观模块,,24*32mm seruna+圆形富士山硅胶烫标蓝色,24*32mm,博凯,,,,,0.3元/枚,,,ID_C1AE6F9CCC954121AB25BBCDE90CA821,外观模块,博凯模块库,17,2026-06-01
03.14.11,外观模块,,护踝斜角折弯硅胶烫标蓝色M码,85mm*38mm,博凯,,,,,1.5元/套,,,ID_7A0B1353D97F41D8AA5946599919872D,外观模块,博凯模块库,18,2026-06-01
03.14.12,外观模块,,护踝斜角折弯硅胶烫标蓝色L码,95.7mm*37.2mm,博凯,,,,,1.5元/套,,,ID_8809FD3C8A14484DB64C777FA5AE44D9,外观模块,博凯模块库,19,2026-06-01
03.14.13,外观模块,,护踝斜角折弯硅胶烫标蓝色XL码,104.4mm*35.5mm,博凯,,,,,1.5元/套,,,ID_302321384B6C471AB043AC484B1A3775,外观模块,博凯模块库,20,2026-06-01
03.14.14,外观模块,,护踝斜角折弯硅胶烫标蓝色XXL码,112.7mm*36.4mm,博凯,,,,,1.5元/套,,,ID_9A90260F183E4FEAA687802039B346D8,外观模块,博凯模块库,21,2026-06-01
03.14.15,外观模块,,31.1*86.6mm seruna T-comb硅胶烫标蓝色,31MM/86.6MM,博凯,,,胶印,PANTONE 3591C,0.6元/枚,,,ID_B285076965ED4F2B8EAD697FFB8AE257,外观模块,博凯模块库,22,2026-06-01
03.14.16,外观模块,,20*26.7mm TMT硅胶烫标蓝色,15mm×20mm,博凯,,20225.10.23,TPU印花,PANTONE 3591C,0.2元/枚,,,ID_B0901B69C1334C9F8621B99677BF2E77,外观模块,博凯模块库,23,2026-06-01
03.14.17,外观模块,,50*28.4mm TMT-reco硅胶烫标蓝色,28.4mm×50mm,博凯,,20225.10.21,TPU印花,PANTONE 3591C 白色,0.35元/枚,,,ID_C4783A366D8E43FE93EBE7AAA054305E,外观模块,博凯模块库,24,2026-06-01
03.14.18,外观模块,,护踝圆弧折弯硅胶烫标蓝色M码,,博凯,,2025.10.24,TPU印花,PANTONE 3592C,2元/套,,,ID_02F66E9993B941738D50AC0ACECE8E38,外观模块,博凯模块库,25,2026-06-01
03.14.19,外观模块,,护踝圆弧折弯硅胶烫标蓝色L码,,博凯,,2025.10.24,TPU印花,PANTONE 3592C,2元/套,,,ID_02F66E9993B941738D50AC0ACECE8E38,外观模块,博凯模块库,26,2026-06-01
03.14.20,外观模块,,护踝圆弧折弯硅胶烫标蓝色XL码,,博凯,,2025.10.24,TPU印花,PANTONE 3592C,2元/套,,,ID_02F66E9993B941738D50AC0ACECE8E38,外观模块,博凯模块库,27,2026-06-01
03.14.21,外观模块,,护踝圆弧折弯硅胶烫标蓝色XXL码,,博凯,,2025.10.24,TPU印花,PANTONE 3592C,2元/套,,,ID_02F66E9993B941738D50AC0ACECE8E38,外观模块,博凯模块库,28,2026-06-01
03.14.22,外观模块,,硅胶烫标蓝色左手,100.8*74.7mm,博凯,,,TPU印花,PANTONE 3591C,0.6元/枚,,,ID_AA652F83735F4206AEE9D2F9BB7DF4FF,外观模块,博凯模块库,29,2026-06-01
03.14.23,外观模块,,硅胶烫标蓝色右手,100.8*74.7mm,博凯,,,TPU印花,PANTONE 3592C,0.6元/枚,,,ID_BD871646BB2A40DB95F72B484100AC19,外观模块,博凯模块库,30,2026-06-01
03.14.24,外观模块,,TMTRECO硅胶烫标蓝色,39*6.5mm,博凯,,,TPU印花,PANTONE 3593C,0.2元/枚,,,ID_874AC7F01932429F86772632A1B32369,外观模块,博凯模块库,31,2026-06-01
03.14.25,外观模块,,硅胶烫标蓝色,49*28mm,博凯,,,TPU印花,PANTONE 3594C,0.25元/枚,,,ID_80DA0CE05E014B6FB1E82970C33A26BC,外观模块,博凯模块库,32,2026-06-01
03.14.26,外观模块,,seruna硅胶烫标蓝色,11.8*5cm,博凯,,,TPU印花,,1.4元/对,,,ID_A2AC19181A6745C1A3AE524BDCE8199F,外观模块,博凯模块库,33,2026-06-01
03.15.01,外观模块,油墨转烫标,seruna烫标白色,,博凯,,,油墨转印,白色,0.03元/枚,,,ID_FDDF8415BCF647DEA36FA764CC3F9716,外观模块,博凯模块库,35,2026-06-01
03.15.02,外观模块,,左手L码烫标白色,,博凯,,,油墨转印,白色,0.02元/枚,,,ID_7FE363CD5E43477193BC687D21C081ED,外观模块,博凯模块库,36,2026-06-01
03.15.03,外观模块,,右手R码烫标白色,,博凯,,,油墨转印,白色,0.02元/枚,,,ID_DFB2C910E05449EA97C88B70732AF5BF,外观模块,博凯模块库,37,2026-06-01
03.15.04,外观模块,,拇指左手富士山烫标白色,,博凯,,,油墨转印,白色,0.28元/枚,,,ID_321BC87533C7438E841E4E7DEEC7A872,外观模块,博凯模块库,38,2026-06-01
03.15.05,外观模块,,拇指右手富士山烫标白色,,博凯,,,油墨转印,白色,0.28元/枚,,,ID_321BC87533C7438E841E4E7DEEC7A872,外观模块,博凯模块库,39,2026-06-01
03.15.06,外观模块,,拇指富士山logo烫标白色,,博凯,,,油墨转印,白色,0.17元/枚,,,ID_B40AB1BF18364F6D8AD4E8D3F0CD15AF,外观模块,博凯模块库,40,2026-06-01
03.15.07,外观模块,,TMT烫标白色,19mm*6.5mm,博凯,,,油墨转印,白色,0.1元/枚,,,ID_CBE61DA49F1F4D638AA0A64155B3BE54,外观模块,博凯模块库,41,2026-06-01
03.16.01,外观模块,反光转烫标,7.3*37mm SERUNA反光烫标,7.3MM/37MM,博凯,,,3M反光厚版胶印,3M反光,0.35元/枚,,,ID_9C2EA2A6C1CC4D0DBB109F5795DE9EF1,外观模块,博凯模块库,43,2026-06-01
03.16.02,外观模块,,9.5*19.2mm 富士山反光烫标,19.2MM/9.5MM,博凯,,,3M反光厚版胶印,3M反光,0.25元/枚,,,ID_807A54A2A1254102A4E8A02E5A8E46F4,外观模块,博凯模块库,44,2026-06-01
03.16.03（左）,外观模块,,15.3*65.2mm T-comb平面反光标左手,15.3*65.2mm,博凯,,,,银色,0.42元/枚,,,ID_421FDB66B83B4EA997792F5EEB8D0A9C,外观模块,博凯模块库,45,2026-06-01
03.16.04（右）,外观模块,,15.3*65.2mm T-comb平面反光标右手,15.3*65.2mm,博凯,,,,银色,0.42元/枚,,,ID_421FDB66B83B4EA997792F5EEB8D0A9C,外观模块,博凯模块库,46,2026-06-01
03.16.05,外观模块,,5.5*35.2mm JAFFICK字母反光标,35.2mm*5.5mm,博凯,,2025-09-25 00:00:00,厚板反光印花,灰色,0.35元/枚,,,ID_7C473A9E50F84A5F96DA1E4944F0D836,外观模块,博凯模块库,47,2026-06-01
03.16.08,外观模块,,4*170mmJAFFICK反光烫标,4*170mm,博凯,,,,银色,0.4元/枚,,,ID_BDE84D2EF403464BA3C5D1B9C1EB3D04,外观模块,博凯模块库,48,2026-06-01
03.16.09,外观模块,,21.429*30mm三线反光烫标左,21.429*30mm,博凯,,,,银色,0.25元/枚,,,ID_25898EAC097B4D5BAFA54F7CFBB4D43A,外观模块,博凯模块库,49,2026-06-01
03.16.10,外观模块,,21.429*30mm三线反光烫标右,21.429*30mm,博凯,,,,银色,0.25元/枚,,,ID_4FA1D61BFC474A32AE973C572735D716,外观模块,博凯模块库,50,2026-06-01
03.16.11,外观模块,,6.5*4.94cmJAFFICK J型反光标,6.5*4.94cm,博凯,,,,银色,1元/枚,,,ID_13AF9EB6ED6E4AE4B87EBCE9030DFD6F,外观模块,博凯模块库,51,2026-06-01
03.16.12,外观模块,,19.3*2.68cmJAFFICK反光标,19.3*2.68cm,博凯,,,,银色,2元/枚,,,ID_C027020BBA9D4218B072E7A18904F4F8,外观模块,博凯模块库,52,2026-06-01
03.16.13,外观模块,,8.87*4.13cmJAFFICK拇指护腕反光标左手,8.87*4.13cm,博凯,,,,银色,1.7元/枚,,,ID_7D7B39AA0A854653B8EACED8793AD08F,外观模块,博凯模块库,53,2026-06-01
03.16.14,外观模块,,8.87*4.13cmJAFFICK拇指护腕反光标右手,8.87*4.13cm,博凯,,,,银色,1.7元/枚,,,ID_BEB2F1D99AF440EAB072243DE4BF4BDD,外观模块,博凯模块库,54,2026-06-01
03.16.15,外观模块,,JAFFICK均码反光标左手,,博凯,,,,银色,0.3元/枚,,,ID_7EFCF97B533A4E1BA66DEAB84A27FC3E,外观模块,博凯模块库,55,2026-06-01
03.16.16,外观模块,,JAFFICK均码反光标右手,,博凯,,,,银色,0.3元/枚,,,ID_F5EF1B3B546E4C4E8BFC6E1C225214E9,外观模块,博凯模块库,56,2026-06-01
03.16.17,外观模块,,1.07*1.5cm三线半圆反光标,1.07*1.5cm,博凯,,,,银色,0.2元/枚,,,ID_5C7A94157C614F5C9BF010E0AF49056E,外观模块,博凯模块库,57,2026-06-01
03.16.18,外观模块,,16.4*2.84cmJAFFICK反光标,1.64*2.84mm,博凯,,,,银色,2元/枚,,,ID_FDC5C2DD30C24157986D87573D91F21B,外观模块,博凯模块库,58,2026-06-01
03.17.01,外观模块,发泡类转烫标,TMT-RECO发泡转烫标白色,39mm×6.5mm,博凯,,25.08.11,烫印,①白色,0.2元/枚,,,ID_9CB1249DEEBE464C8D4E38B48BA38B6B,外观模块,博凯模块库,60,2026-06-01
03.17.02,外观模块,,10.7*15mm 三线发泡烫标白色,10.7mm*15mm,博凯,,2025-09-12 00:00:00,硅胶印花,白色,0.2元/枚,,,ID_3D9812589BB74E2FBC7410B93909F874,外观模块,博凯模块库,61,2026-06-01
03.17.03,外观模块,,12*180mm 连续小富士山发泡烫标蓝色,12*180mm,博凯,,,,,0.8元/套,,,ID_C68E526F2D0E4259A6026E2838EAF069,外观模块,博凯模块库,63,2026-06-01
03.17.04,外观模块,,19*60.4mm 富士山发泡烫标蓝色,19*60.4mm,博凯,,,,蓝色,,,,ID_0997C6B0D17D4EB2B4DCCB86806420DE,外观模块,博凯模块库,64,2026-06-01
03.17.05,外观模块,,12.2*30mm 富士山发泡烫标白色,12.2*30mm,博凯,,,,白色,0.14元/枚,,,ID_E9D03736A9C94512AAACC4C9104CAF87,外观模块,博凯模块库,65,2026-06-01
03.17.06,外观模块,,8.2*41.4mm SERUNA字母发泡烫标黑色,8.2*41.4mm,博凯,,,,黑色,0.16元/枚,,,ID_AD8DAE07C84047D9AC5BB997769959C7,外观模块,博凯模块库,66,2026-06-01
03.17.11,外观模块,,32.8*4.2mmSERUNA白蓝色发泡烫标,32.8*4.2mm,博凯,,,,蓝色 白色,0.18元/枚,,,ID_F19B4455395E4AE48B8D39DC47E1DF1D,外观模块,博凯模块库,67,2026-06-01
03.17.12,外观模块,,18.2*4.7mm山波纹发泡烫标白色,18.2*4.7mm,博凯,,,,白色,0.08元/枚,,,ID_AB644A4A587D48DC9377C0DC82FA6988,外观模块,博凯模块库,69,2026-06-01
03.18.01,外观模块,数码转烫标,6.24*40mm JAFFICK三色转烫标,40mm*6.25mm,博凯,,2024-11-21 00:00:00,厚板 硅胶印,白色,0.14元/枚,,,ID_8F0931C288D44DC8B4C75EAD2267144E,外观模块,博凯模块库,72,2026-06-01
03.18.02,外观模块,,18.05*25mm三色跑道转烫标,25mm*18mm,博凯,,2024-11-21 00:00:00,厚板 硅胶印,黑灰,0.14元/枚,,,ID_3B5B42E461744901921563410404329A,外观模块,博凯模块库,77,2026-06-01
03.18.03,外观模块,,40*55.34mm三色跑道转烫标,40mm*55.4mm,博凯,,2025-09-12 00:00:00,硅胶印花,黑灰,1.3元/枚,,,ID_AD1B7758A5A74FB7B6C6C7269707EBAC,外观模块,博凯模块库,78,2026-06-01
03.18.04,外观模块,,28.7*40.36mm三色半圆跑道转烫标,28.7mm*40.36mm,博凯,,2025-09-12 00:00:00,硅胶印花,黑灰,0.85元/枚,,,ID_4C02EB29309746DD9B7427A3205D1E06,外观模块,博凯模块库,80,2026-06-01
03.18.05,外观模块,,樱花数码烫标S码,,博凯,,,,,1元/枚,,,ID_94DB32EBF7814B8CB243A5D0F0A019B8,外观模块,博凯模块库,81,2026-06-01
03.18.06,外观模块,,樱花数码烫标M码,,博凯,,,,,1元/枚,,,ID_0892F1FD86224B1C92110A96CF8E02D1,外观模块,博凯模块库,82,2026-06-01
03.18.07,外观模块,,樱花数码烫标L码,,博凯,,,,,1元/枚,,,ID_6981020136174D9485598C140C71A536,外观模块,博凯模块库,83,2026-06-01
03.18.08,外观模块,,樱花数码烫标,,博凯,,,,,0.5元/枚,,,ID_E73F2F3EDA02401097A82AEAFA12A2A0,外观模块,博凯模块库,84,2026-06-01
03.18.09,外观模块,,TFCC护腕烫标蓝白,,博凯,,,,,4.5元/套,,,ID_ED0A60E521AD4780A3CEE5A5A7FD3B7A,外观模块,博凯模块库,85,2026-06-01
03.18.10,外观模块,,TFCC护腕烫标蓝黑,,博凯,,,,,,,,ID_ED0A60E521AD4780A3CEE5A5A7FD3B7A,外观模块,博凯模块库,86,2026-06-01
03.19.01,外观模块,丝网印标,网球护腕丝网印刷,20mm×6.815mm,博凯,,25.06.25,丝网印,①白色,2元/套,,,ID_40C15771788442EFB119063EF6966E7C,外观模块,博凯模块库,88,2026-06-01
03.19.02,外观模块,,16.1*40mm 富士山丝印黑色,16.1*40mm,博凯,,,复合,富士山丝印黑色,0.5元/枚,,,ID_26D8D5D9CC9B4923B08955F0DDC0A3BD,外观模块,博凯模块库,92,2026-06-01
03.19.03,外观模块,,16.1*40mm 富士山丝印灰色,16.1*40mm,博凯,,,复合,富士山丝印灰色,0.5元/枚,,,ID_EB59BA0C5654418282508CA97043FDC1,外观模块,博凯模块库,93,2026-06-01
03.19.04,外观模块,,75*40mm seruna丝印黑色,75*40mm,博凯,,,复合,seruna丝印黑色,0.6元/枚,,,ID_B8E0A9B5698B4B31A9FBAB6FB2AFCD50,外观模块,博凯模块库,94,2026-06-01
03.19.05,外观模块,,75*40mm seruna丝印灰色,75*40mm,博凯,,,复合,seruna丝印灰色,0.6元/枚,,,ID_D1EE2E20C8484B3F9DED5C9CFBD5025F,外观模块,博凯模块库,95,2026-06-01
03.19.06,外观模块,,20.745*16.5mm 二级防护丝印黑色,20.745*16.5mm,博凯,,,复合,二级防护丝印黑色,0.5元/枚,,,ID_D185F62A4ABE4CBD945D79B519872A62,外观模块,博凯模块库,96,2026-06-01
03.19.07,外观模块,,20.745*16.5mm 二级防护丝印蓝灰色,20.745*16.5mm,博凯,,,复合,二级防护丝印蓝灰色,0.5元/枚,,,ID_A6C276047C144D80A1CD29412604A5A3,外观模块,博凯模块库,97,2026-06-01
03.19.08,外观模块,,30*23mm seruna+富士山丝印灰色,30*23mm,博凯,,,复合,seruna+富士山丝印灰色,0.5元/枚,,,ID_767942E45A2842E290D56F57862C8F4D,外观模块,博凯模块库,98,2026-06-01
03.19.09,外观模块,,7*40mm TMT reco 丝印黑色,50mm*40mm,博凯,,2025.06.25,复合,麂皮,0.5元/枚,,,ID_2BE512FEA97541CDB0A61FBA234AB2B9,外观模块,博凯模块库,99,2026-06-01
03.19.11,外观模块,,富士山足底丝印蓝灰色,,博凯,,,,,0.5元/枚,,,ID_C0D7FEA712B84787B110A4FB5EC60F1E,外观模块,博凯模块库,100,2026-06-01
03.20.01,外观模块,尺码标,1*2.5尺码标 XS码,,博凯,,,,,,,,,外观模块,博凯模块库,101,2026-06-01
03.20.02,外观模块,,1*2.5尺码标 S码,,博凯,,,,,,,,,外观模块,博凯模块库,102,2026-06-01
03.20.03,外观模块,,1*2.5尺码标 M码,,博凯,,,,,,,,,外观模块,博凯模块库,103,2026-06-01
03.20.04,外观模块,,1*2.5尺码标 L码,,博凯,,,,,,,,,外观模块,博凯模块库,104,2026-06-01
03.20.05,外观模块,,1*2.6尺码标 XL码,,博凯,,,,,,,,,外观模块,博凯模块库,105,2026-06-01
03.20.06,外观模块,,1*2.7尺码标 XXL码,,博凯,,,,,,,,,外观模块,博凯模块库,106,2026-06-01
03.20.07,外观模块,,1*2.7尺码标 均码,,博凯,,,,,,,,,外观模块,博凯模块库,107,2026-06-01
03.20.08,外观模块,,1*2.6尺码标 左,,博凯,,,,,,,,,外观模块,博凯模块库,108,2026-06-01
03.20.09,外观模块,,1*2.6尺码标 右,,博凯,,,,,,,,,外观模块,博凯模块库,109,2026-06-01
BX-HX-01-HB,版型模块,,仿OK+TPU+锦纶莱卡,,宏博,宏博,,仿OK+TPU+锦纶莱卡,,,,,,版型模块,宏博模块库,3,2026-06-01
BX-HX-02-HB,版型模块,,SBR复合布 透气针眼布,410mm*191mm,宏博,宏博,无,SBR复合布 透气针眼布,,,,ID_B546F400DD314B4CAE7CD503442D3F42,ID_8DD789000F074BC2A20BDD21325A2359,版型模块,宏博模块库,4,2026-06-01
BX-HX-03-HB,版型模块,,打孔SBR,500mm*47mm,宏博,宏博,2025.02.11,打孔SBR,,,,ID_A76D237E56C84570B2CD4333659E8041,ID_2A4A8D522D234BF4974E875FF0B8F6E3,版型模块,宏博模块库,5,2026-06-01
BX-HX-07-HB,版型模块,,打孔SBR,486mm*160mm,宏博,宏博,2025.05.25,打孔SBR,,,,ID_1A92E2E9EF2748D7A96411814180E47A,ID_D0B8446ED85148E2994FB26E787DEF59,版型模块,宏博模块库,6,2026-06-01
BX-HX-08-HB,版型模块,,弹性透气复合面料,,宏博,宏博,无,弹性透气复合面料,,,,ID_57C51C9375394D349456AA49571ADB83,ID_A00351DF543B4EF38CF75FD4FBBC0033,版型模块,宏博模块库,7,2026-06-01
BX-HX-09-HB,版型模块,,高弹力针织布复合,575mm*190mm,宏博,宏博,2025.03.05,高弹力针织布复合,,,,ID_F32AB02B86304EDC8A4F5873A9C9CD10,,版型模块,宏博模块库,8,2026-06-01
BX-HX-12-HB,版型模块,,抓毛布复合面料,453mm*325mm,宏博,宏博,2025.06.05,抓毛布复合面料,,,,ID_362FA1110851483BA9A295B5CC63A164,ID_BA987D4142E641589C2FE1F8D14C50C5,版型模块,宏博模块库,9,2026-06-01
BX-HX-13-HB,版型模块,,抓毛布复合面料,412mm*242mm,宏博,宏博,2024.11.14,抓毛布复合面料,,,,ID_20A3489E5A954E6DA7A6643574F007FE,,版型模块,宏博模块库,10,2026-06-01
BX-HW-01-HB,版型模块,,高弹力针织布,520mm*155mm,宏博,宏博,2024.09.19,高弹力针织布,,,,ID_C31E0C9493CD40748AFD35080869A929,ID_DE85B191DF834C629C1CA30F24561ECC,版型模块,宏博模块库,14,2026-06-01
BX-HW-02-HB,版型模块,,高弹力针织布,170mm*52mm,宏博,宏博,2024.08.29,高弹力针织布,,,,ID_3F42F169FE6041988A757A91D01695C1,ID_2CF3BFF0EF3941E5AB574A97F8EA2DDE,版型模块,宏博模块库,16,2026-06-01
BX-HW-12-HB,版型模块,,高弹力针织布,420mm*67mm,宏博,宏博,2025.06.24,高弹力针织布,,,,ID_9051DD077EE3463893F361422B1ABE68,ID_B2403A5786D440349E61E0D6B8294BD4,版型模块,宏博模块库,18,2026-06-01
BX-HW-14-HB,版型模块,,方形弹力网布,245mm*50mm,宏博,宏博,2024.08.30,方形弹力网布,,,,ID_97D135C7BEAC445DB20B43F721CB7BCF,,版型模块,宏博模块库,19,2026-06-01
BX-HW-15-HB,版型模块,,复合OK布料,320mm*55mm,宏博,宏博,无,复合OK布料,,,,,ID_745DD9A0864F47BF8D68B3ADDAF4B7BF,版型模块,宏博模块库,20,2026-06-01
BX-HW-16-HB,版型模块,,抓毛布针织复合面料,290mm*50mm,宏博,宏博,2025.06.24,抓毛布针织复合面料,,,,ID_0B03D9329B6E4163934EE2D0F200B873,,版型模块,宏博模块库,21,2026-06-01
BX-HW-17-HB,版型模块,,针织,363mm*75mm,宏博,宏博,2025.02.17,针织,,,,ID_E6E9446CF9D747C294067EEC34CB84D0,,版型模块,宏博模块库,22,2026-06-01
BX-HH-02-HB,版型模块,,高弹力针织布,,宏博,宏博,2024.07.13,高弹力针织布,,,,,,版型模块,宏博模块库,24,2026-06-01
BX-HH-03-HB,版型模块,,打孔高弹力针织布,150mm*210mm,宏博,宏博,2025.01.14,打孔高弹力针织布,,,,ID_71BD03A8D9F54DBA9848F7BC8E8F82B1,,版型模块,宏博模块库,26,2026-06-01
BX-HH-04-HB,版型模块,,打孔SBR,520mm*210.5mm,宏博,宏博,2024.11.13,打孔SBR,,,,ID_951B49FE334348D39AA3FE31427C1C18,,版型模块,宏博模块库,27,2026-06-01
BX-HH-05-HB,版型模块,,抓毛布复合,475mm*290mm,宏博,宏博,无,抓毛布复合,,,,ID_872CCC0EBFF14A63872F8CF81C71DD56,,版型模块,宏博模块库,28,2026-06-01
BX-HH-06-HB,版型模块,,高弹力针织布复合,296mm*236mm,宏博,宏博,2024.07.31,高弹力针织布复合,,,,ID_AF6AD7B2F0A845D79094EECDF5530014,ID_29D338BC9E5E480B815437E3ED38E887,版型模块,宏博模块库,29,2026-06-01
HB2026-S1,面料模块,拉毛布复合,锦纶拉毛布【黑色】,,宏博,,,,黑色,24.5/米,,ID_68B110381FF24B0BAC05BA0698C2618A,,面料模块,宏博模块库,3,2026-06-01
HB2026-S2,面料模块,,锦纶拉毛布【肉色】,,宏博,,,,肉色,24.5/米,,ID_6C1A5A41B12E4B21914E7034D61D3A59,,面料模块,宏博模块库,11,2026-06-01
HB2026-S3,面料模块,,锦纶拉毛布【灰色】,,宏博,,,,灰色,24.5/米,,ID_0D480B2EE9C54CE7A41A109496E86D38,,面料模块,宏博模块库,15,2026-06-01
HB2026-S4,面料模块,,双面复合锦纶拉毛布【黑色】,,宏博,,,,黑色,65/米,,ID_50EBBCB14C114E729BC83642A633C9BA,,面料模块,宏博模块库,18,2026-06-01
HB2026-S5,面料模块,,双面复合锦纶拉毛布【灰色】,,宏博,,,,灰色,65/米,,ID_A926857587DD4C9BB73585A104D13456,,面料模块,宏博模块库,20,2026-06-01
HB2026-S65,面料模块,,粉色拉毛布【粉色】,,宏博,,,,粉色,24.5/米,,ID_BD8B19AADA2242FF9AAB1FB88B9A1C1D,,面料模块,宏博模块库,21,2026-06-01
HB2026-S6,面料模块,仿OK锦纶【复合】,仿OK+TPU+锦纶莱卡【灰色】,,宏博,,,,灰色,55/米,,ID_BF8A6C8D54234CCAA9E02E0E7A7A056A,,面料模块,宏博模块库,23,2026-06-01
HB2026-S7,面料模块,锦纶起毛布【复合】,锦纶起毛布+果冻胶+蝶网布【黑色】,,宏博,,,,黑色,90/米,,ID_122BAEE8E8324CA2984A11BFD169C16B,,面料模块,宏博模块库,25,2026-06-01
HB2026-S8,面料模块,,锦纶起毛布+果冻胶+蝶网布【灰色】,,宏博,,,,灰色,90/米,,ID_E361133FA4C248A4AD30A9BBA103401B,,面料模块,宏博模块库,26,2026-06-01
HB2026-S9,面料模块,蝶网布,双面蝶网布+果冻胶【灰色】,,宏博,,,,灰色,85/米,,ID_633BAB31F1E740549A1F534FC04076E2,,面料模块,宏博模块库,28,2026-06-01
HB2026-S10,面料模块,,锦纶蝶网布【灰色】,,宏博,,,,灰色,35/米,,ID_125531F14C20445C8B22EFE367FBA377,,面料模块,宏博模块库,29,2026-06-01
HB2026-S11,面料模块,莱卡面料,冰感双面莱卡【黑色】,,宏博,,,,黑色,65/米,,ID_E8B9063D58444339B40FD9CF272A71D2,,面料模块,宏博模块库,31,2026-06-01
HB2026-S12,面料模块,,冰感双面莱卡【灰色】,,宏博,,,,灰色,65/米,,ID_5A15D04F678B4F94AAFBA7BE65A11E93,,面料模块,宏博模块库,33,2026-06-01
HB2026-S13,面料模块,裸感布,双面复合裸感布【黑色】,,宏博,,,,黑色,65/米,,ID_080F7612F79649C8A4EB4F276034083F,,面料模块,宏博模块库,36,2026-06-01
HB2026-S14,面料模块,,双面复合裸感布【肤色】,,宏博,,,,肤色,65/米,,ID_A2831C80F4C746D8B9FEE86C7936EFB5,,面料模块,宏博模块库,39,2026-06-01
HB2026-S15,面料模块,,双面复合裸感布【灰色】,,宏博,,,,灰色,65/米,,ID_6565F2BA7FF44622B78FC9E87F027FA0,,面料模块,宏博模块库,42,2026-06-01
HB2026-S16,面料模块,,双面复合裸感布【灰色】,,宏博,,,,灰色,35/米,,ID_A07AAAC17C5B45D59EF439D7EB0FBED7,,面料模块,宏博模块库,43,2026-06-01
HB2026-S17,面料模块,,裸感布复合热熔胶【黑色】,,宏博,,,,黑色,50/米,,ID_328605F5FF5D4560A53380421CEA1D3F,,面料模块,宏博模块库,44,2026-06-01
HB2026-S18,面料模块,,裸感布复合热熔胶【肤色】,,宏博,,,,肤色,50/米,,ID_F5617D8911344DB9BC1617A5FB129E4F,,面料模块,宏博模块库,46,2026-06-01
HB2026-S19,面料模块,SBR复合面料,仿OK+SBR白+尼龙布（全冲孔）【灰色】,,宏博,,,,灰色,170/片,,ID_6710AF471E254B32B8D7336305221850,,面料模块,宏博模块库,49,2026-06-01
HB2026-S20,面料模块,,仿OK+SBR白+尼龙布（SBR冲孔）【灰色】,,宏博,,,,灰色,170/片,,ID_F913B12650D94D4CA1E10D505D32F3F9,,面料模块,宏博模块库,50,2026-06-01
HB2026-S21,面料模块,,双面尼龙布+SBR白（SBR冲孔）【肤色】,,宏博,,,,肤色,170/片,,ID_45601D4B62B94220959EC1594C7FAAAE,,面料模块,宏博模块库,51,2026-06-01
HB2026-S56,面料模块,,黑仿OK+SBR冲孔+蓝尼龙布【黑色】,,宏博,,,,黑色,170/片,,ID_B3BDC46C1D3D4A0EBC8242EFC211C55C,,面料模块,宏博模块库,53,2026-06-01
HB2026-S59,面料模块,,灰仿OK+SBR+灰尼龙布【灰色】,,宏博,,,,灰色,170/片,,ID_178B57AE3D694C1A829C06D4E45149DF,,面料模块,宏博模块库,57,2026-06-01
HB2026-S61,面料模块,,提花毛巾布+SBR+仿OK【灰色】,,宏博,,,,灰色,170/片,,ID_E1A167A6E84E4C338CFC96C4BC0C3734,,面料模块,宏博模块库,58,2026-06-01
HB2026-S67,面料模块,,仿OK+SBR+银离子布,,宏博,,,,银色,195/片,,ID_F786339BD8564DB4BE2BFE3D45030697,,面料模块,宏博模块库,61,2026-06-01
HB2026-S68,面料模块,,锦纶莱卡+SBR+银离子布,,宏博,,,,银色,190/片,,ID_01EA6126805A45679CB385298FC1F001,,面料模块,宏博模块库,62,2026-06-01
HB2026-S57,面料模块,海绵复合面料,黑仿OK+海绵+毛巾布,,宏博,,,,黑色,55/米,,ID_86861997FA4E45B59B0A0A47F13A615E,,面料模块,宏博模块库,64,2026-06-01
HB2026-S58,面料模块,,灰仿OK+海绵+毛巾布,,宏博,,,,灰色,55/米,,ID_8D66405102044AAEBCAA35E51BAD4F67,,面料模块,宏博模块库,66,2026-06-01
HB2026-S60,面料模块,,锦纶莱卡+高密度海绵+尼龙布【灰色】,,宏博,,,,灰色,52/米,,ID_D2664712F4354B3D90932073B14A349C,,面料模块,宏博模块库,68,2026-06-01
HB2026-S22,面料模块,三明治网布,三明治网布【灰色】,,宏博,,,,灰色,10/米,,ID_7754024D89D34B39B600B32F8AC46E63,,面料模块,宏博模块库,70,2026-06-01
HB2026-S36,面料模块,,三明治网布【黑色】,,宏博,,,,黑色,10/米,,ID_3BB6D3F5D17649CDA5A0079DD3E1A5BE,,面料模块,宏博模块库,71,2026-06-01
HB2026-S78,面料模块,,三明治网布【白色】,,宏博,,,,白色,16/米,,ID_764247256E104E579166F669546ADB9D,,面料模块,宏博模块库,74,2026-06-01
HB2026-S79,面料模块,,三明治网布【灰色】,,宏博,,,,灰色,16/米,,ID_0FFD7295067F4E69A73CFCEFB6E6650B,,面料模块,宏博模块库,75,2026-06-01
HB2026-S80,面料模块,,三明治网布【灰色】,,宏博,,,,灰色,16/米,,ID_F4FA3888B27049B181AC9454D40EA9EA,,面料模块,宏博模块库,76,2026-06-01
HB2026-S33,面料模块,网布,聚酯纤维网布【黑色】,,宏博,,,,黑色,22/米,,ID_89AA360B3F4D4ADC9C2CC0C78835156C,,面料模块,宏博模块库,78,2026-06-01
HB2026-S34,面料模块,,聚酯纤维网布【灰色】,,宏博,,,,灰色,22/米,,ID_F1A304FE27A44D0195674A874FEB9A74,,面料模块,宏博模块库,79,2026-06-01
HB2026-S37,面料模块,,锦纶网布【黑色】,,宏博,,,,黑色,30/米,,ID_697F37AC83F044399C57E50F0A9A0698,,面料模块,宏博模块库,80,2026-06-01
HB2026-S38,面料模块,,锦纶网布【灰色】,,宏博,,,,灰色,30/米,,ID_AB86BC9BF24A414B86D6CFAFEB9BF1F8,,面料模块,宏博模块库,81,2026-06-01
HB2026-S62,面料模块,scr复合,PK布+SCR+锦纶莱卡【黑色】,,宏博,,,,黑色,220/片,,ID_843127D24D514461ABE5814D61B9C5E0,,面料模块,宏博模块库,83,2026-06-01
HB2026-S63,面料模块,仿OK+TPU面料,黑仿OK+TPU+黑锦纶莱卡【黑色】,,宏博,,,,黑色,65/米,,ID_AADEDC9C098D4EEDB72F8F29BA81AB65,,面料模块,宏博模块库,86,2026-06-01
HB2026-S64,面料模块,,白仿OK+TPU+白锦纶莱卡【白色】,,宏博,,,,白色,65/米,,ID_F6C440194E734B56B8ADC0EE4B6428E8,,面料模块,宏博模块库,88,2026-06-01
HB2026-S32,面料模块,皮革,PU皮革【灰色】,,宏博,,,,灰色,25/米,,ID_B0EE72FC4CDF4BAEB07F7B9E2DC08AD5,,面料模块,宏博模块库,90,2026-06-01
HB2026-S66,面料模块,,压纹增强皮革【银色】,,宏博,,,,银色,60/米,,ID_3F8CC5D92CC64BE6B9A7053DF54A529A,,面料模块,宏博模块库,91,2026-06-01
HB2026-S70,面料模块,氨纶面料,水晶氨纶（紫）,,宏博,,,,紫色,32/米,,ID_0C0949B155224E2B917A0A0FA84608DD,,面料模块,宏博模块库,93,2026-06-01
HB2026-S71,面料模块,,水晶氨纶（蓝）,,宏博,,,,蓝色,32/米,,ID_141EB389B34140819627B4BACED0BCBD,,面料模块,宏博模块库,94,2026-06-01
HB2026-S25,魔术贴模块,射出勾面,尼龙细勾面,,宏博,,,,,2/米,,ID_2009D4D4ED264F8C8F8C6099B0BE4086,,魔术贴模块,宏博模块库,3,2026-06-01
HB2026-S26,魔术贴模块,,尼龙细勾面,,宏博,,,,,2/米,,ID_FB664869246D4897BE2565AB71486E96,,魔术贴模块,宏博模块库,5,2026-06-01
HB2026-S28,魔术贴模块,,尼龙勾面,,宏博,,,,,1.8/米,,ID_B500C348319F4958A7508752C4AF04F5,,魔术贴模块,宏博模块库,6,2026-06-01
HB2026-S29,魔术贴模块,,尼龙勾面,,宏博,,,,,1.8/米,,ID_F98F15D02D254A5C81B86DD3A8C0C763,,魔术贴模块,宏博模块库,8,2026-06-01
HB2026-S27,魔术贴模块,细软勾面,尼龙细软勾面,,宏博,,,,,1.8/米,,ID_24702B75EB234B64B1C9C3C296F6EECA,,魔术贴模块,宏博模块库,10,2026-06-01
HB2026-S30,魔术贴模块,,尼龙细软勾面,,宏博,,,,,1.8/米,,ID_81B2B7444A5944699BD3A92E741AB2B9,,魔术贴模块,宏博模块库,11,2026-06-01
HB2026-S31,魔术贴模块,背布魔术贴（勾面）,拉毛布复合尼龙勾面,,宏博,,,,,3.5/米,,ID_58B2A50A6BB4403787001FD247564517,,魔术贴模块,宏博模块库,13,2026-06-01
HB2026-S23,织带模块,松紧带,尼龙松紧带（印花采用升华印花工艺）,,宏博,,,,,2.8/米,,ID_42AA9BBB6CAD4B4CBE0A063DB173B1B5,,织带模块,宏博模块库,3,2026-06-01
HB2026-S35,织带模块,刚性带,尼龙织带,,宏博,,,,,1/米,,ID_049C9FE21AAB4AE1B80486FAA33D072D,,织带模块,宏博模块库,5,2026-06-01
HB2026-S41,支撑垫片填充模块,塑料支撑,PE塑料条,1.5cm*18cm,宏博,,,塑料,,0.2/个,,ID_ECC400B817D14182A62DA68BBB9B7636,,支撑垫片填充模块,宏博模块库,3,2026-06-01
HB2026-S72,支撑垫片填充模块,金属支撑,铝条支撑片,4cm*13cm,宏博,,,金属,,2.6/个,,ID_86CE216B86674B2798B7233ACCCA6A99,,支撑垫片填充模块,宏博模块库,5,2026-06-01
HB2026-S73,支撑垫片填充模块,,铝条支撑片,1.5cm*14cm,宏博,,,金属,,1.4/个,,ID_99A75909D72A47D9B3D1D6D872786CE8,,支撑垫片填充模块,宏博模块库,6,2026-06-01
HB2026-S74,支撑垫片填充模块,,铝条支撑片,2cm*18xzcm,宏博,,,金属,,1.4/个,,ID_32091CE63EE8430AB560C0B697461826,,支撑垫片填充模块,宏博模块库,7,2026-06-01
HB2026-S75,支撑垫片填充模块,,铝条支撑片,4cm*13cm,宏博,,,金属,,1.6/个,,ID_07525E0720FD49B6A8AB99A46E82068A,,支撑垫片填充模块,宏博模块库,8,2026-06-01
HB2026-S76,支撑垫片填充模块,,铝条支撑片,4cm*23.5cm,宏博,,,金属,,2.2/个,,ID_7968B72E5CE947A4AC5DEF505417AF52,,支撑垫片填充模块,宏博模块库,9,2026-06-01
HB2026-S77,支撑垫片填充模块,,铝条支撑片,4cm*23.5cm,宏博,,,金属,,2.2/个,,ID_9DCFEE061EC44504ACBF283AE953F727,,支撑垫片填充模块,宏博模块库,10,2026-06-01
HB2026-S69,支撑垫片填充模块,发泡材料,高发泡,,宏博,,,,,20/米,,ID_5CA3CC0E4E9E4D898F3ABCD37D90D719,,支撑垫片填充模块,宏博模块库,12,2026-06-01
HB2026-S39,配件,调节配件,PP塑料壳,3.5cm*17cm,宏博,,,PP塑料,黑色,1.5/个,,ID_1D62653515084D55BCC18D255B8C7CA4,,配件,宏博模块库,3,2026-06-01
HB2026-S40,配件,,PP塑料壳,3cm*6cm,宏博,,,PP塑料,白色,0.2/个,,ID_5B352B4BF3344371BAF21E742464C9F8,,配件,宏博模块库,4,2026-06-01
HB2026-S24,配件,支撑配件,PP塑料壳,15cm*8cm,宏博,,,PP塑料,灰色,2/对,,ID_4F8DBF96A6D24D519743F04C5D743739,,配件,宏博模块库,6,2026-06-01
HB2026-S42,外观模块,logo印花,印花【SERUNA logo 白色】,2cm*2cm,宏博,,,,白色,0.4/个,,ID_A2AEE20FE61E4A39A03062A67930EAE6,,外观模块,宏博模块库,3,2026-06-01
HB2026-S43,外观模块,,印花【SERUNA logo 蓝色】,2cm*2cm,宏博,,,,蓝色,0.4/个,,ID_FECF3F6E36534D46A8BF43BD1E7DCB5D,,外观模块,宏博模块库,4,2026-06-01
HB2026-S44,外观模块,,印花【SERUNA 文字logo 白色】,4cm*1cm,宏博,,,,白色,0.5/个,,ID_A29D373554B4461ABCD335FC3D44B3C3,,外观模块,宏博模块库,5,2026-06-01
HB2026-S45,外观模块,,印花【SERUNA logo 圆形】,2.5cm*3.5cm,宏博,,,,蓝色白色,0.6/个,,ID_60D547AAA6D24EDD889C2A08C0F7165A,,外观模块,宏博模块库,6,2026-06-01
HB2026-S46,外观模块,,印花【SERUNA 魔术贴】,5.5cm*5cm,宏博,,,,蓝色白色,0.6/个,,ID_FFCA71FC45D046E38268C88C35E4842D,,外观模块,宏博模块库,7,2026-06-01
HB2026-S47,外观模块,,印花【SERUNA logo 山形+圆形1】,3.7cm*5cm,宏博,,,,蓝色白色,0.7/个,,ID_13F8BE4D8A89443B931B6327E2C8F0DC,,外观模块,宏博模块库,8,2026-06-01
HB2026-S48,外观模块,,印花【SERUNA logo 山形+圆形2】,3.7cm*5cm,宏博,,,,蓝色白色,0.7/个,,,,外观模块,宏博模块库,9,2026-06-01
HB2026-S49,外观模块,,印花【SERUNA logo 山形】,5cm*2.5cm,宏博,,,,蓝色白色,0.6/个,,,,外观模块,宏博模块库,10,2026-06-01
HB2026-S50,外观模块,主体印花,印花【TMT康复弧线】,5.5cm*4cm,宏博,,,,蓝色,0.45/个,,,,外观模块,宏博模块库,12,2026-06-01
HB2026-S51,外观模块,,印花【SERUNA 护踝】,8cm*8.5cm,宏博,,,,蓝色,0.8/个,,,,外观模块,宏博模块库,13,2026-06-01
HB2026-S52,外观模块,,印花【SERUNA 护膝 蓝白】,14cm*10cm,宏博,,,,蓝色白色,4.5/个,,ID_78B8E9176CDE4BF2A48083B28267FA58,,外观模块,宏博模块库,14,2026-06-01
HB2026-S53,外观模块,,印花【SERUNA 护膝 黑白】,14cm*10cm,宏博,,,,黑色白色,4.5/个,,ID_E416E8D08385463D816DC328B13D3A0D,,外观模块,宏博模块库,15,2026-06-01
HB2026-S54,外观模块,,印花【SERUNA 护踝 蓝白】,16.5cm*23.5cm,宏博,,,,黑色蓝色,4.6/个,,ID_11AB4D30496B409E942F596E4519BE2F,,外观模块,宏博模块库,16,2026-06-01
HB2026-S55,外观模块,,印花【SERUNA 护踝 黑蓝】,16.5cm*23.5cm,宏博,,,,黑色蓝色,4.6/个,,ID_7928E7186AE84511AF116B2514456C5A,,外观模块,宏博模块库,17,2026-06-01
